Workbook

Sheet REGION 1 SAN JOSÉ CENTRAL
A1: REGION | B1: DELEGACION POLICIAL | C1: ACTIVIDAD 1 CHARLA PREVENCIÓN DE LA VIOLENCIA EN RELACIONES DE PAREJA EJE 1 PLANOVI (JOVENES ADOLESCENTES) EJECUTAR MES DE MAYO LÍNEA BASE 100 PERSONAS | G1: ACTIVIDAD 2 CHARLA PREVENCIÓN DE LA VIOLENCIA DOMÉSTICA E INTRAFAMILIAR EJE 1 PLANOVI (PERSONAS ADULTAS) EJECUTAR MES DE AGOSTO LINEA BASE 25 PERSONAS | K1: ACTIVIDAD 3 CHARLA PREVENCIÓN DE LA MASCULINIDAD POR LA IGUALDAD EJE 2 PLANOVI (JOVENES Y ADOLESCENTES) EJECUTAR MES DE MAYO LÍNEA BASE 75 PERSONAS | O1: ACTIVIDAD 4 CHARLA PREVENCIÓN DE LA MASCULINIDAD POR LA IGUALDAD ADULTOS EJE 2 PLANOVI (COMUNIDAD) EJECUTAR MES DE AGOSTO LÍNEA BASE 15 PERSONAS | S1: ACTIVIDAD 5 CHARLA TRATA DE PERSONAS JOVENES ADOLESCENTES EJE 1 CONATT EJECUTAR MES DE MAYO LÍNEA BASE 50 PERSONAS | W1: ACTIVIDAD 6 CHARLA TRATA DE PERSONAS ADULTOS COMUNIDADES EJE 1 CONATT EJECUTAR MES DE AGOSTO LÍNEA BASE 10 PARTICIPANTES | AA1: ACTIVIDAD 7 CHARLA PREVENCIÓN DEL FEMICIDIO Y DIVULGACION COMITES CLAIS PERSONAS ADULTAS EJE 6 PLANOVI EJECUTAR MES DE OCTUBRE LÍNEA BASE 15 | AE1: ACTIVIDAD 8 ESTRATEGIA DE COMUNICACIÓN EJE 1 PLANOVI PREVENCION DE LA VIOLENCIA CONTRA LAS MUJERES EJECUTAR MES DE MARZO LÍNEA BASE 100 PERSONAS | AI1: ACTIVIDAD 9 ESTRATEGIA DE COMUNICACIÓN EJE 2 PLANOVI MASCULINIDAD POR LA IGUALDAD EJECUTAR MES DE JUNIO LÍNEA BASE 100 PERSONAS | AM1: ACTIVIDAD 10 ESTRATEGIA DE COMUNICACIÓN EJE 5 PLANOVI PREVENCIÓN, ATENCIÓN INTEGRAL Y NO-REVICTIMIZACIÓN FRENTE A LA VIOLENCIA SEXUAL EJECUTAR MES DE SETIEMBRE LÍNEA BASE 100 PERSONAS | AQ1: ACTIVIDAD 11 ESTRATEGIA DE COMUNICACIÓN EJE 6 PLANOVI PREVENCIÓN DEL FEMICIDIO EJECUTAR MES DE NOVIEMBRE LÍNEA BASE 100 PERSONAS | AU1: ACTIVIDAD 12 ESTRATEGIA DE COMUNICACIÓN EJE 1 CONATT CONTRA LA TRATA DE PERSONAS EJECUTAR MES DE JULIO LÍNEA BASE 100 PERSONAS | AY1: ACTIVIDAD 13 ESTRATEGIA DE COMUNICACIÓN EJE 1 CONATT TRAFICO ILICITO PERSONAS MIGRANTES EJECUTAR MES DE DICIEMBRE LÍNEA BASE 100 PERSONAS | BC1: ACTIVIDAD 14 ESTRATEGIA DE COMUNICACIÓN JUSTICIA RESTAURATIVA EJECUTAR MES DE ABRIL 50% COMITÉS SEGURIDAD COMUNITARIA | BG1: ACTIVIDAD 15 ESTRATEGIA DE COMUNICACIÓN JUSTICIA RESTAURATIVA EJECUTAR MES DE ABRIL 50% COMERCIOS | BK1: ACTIVIDAD 16 REPRESENTACION INSTITUCIONAL REDES CONTRA LA VIOLENCIA INTRAFAMILIAR PLANOVI CANTIDAD DE PARTICIPACIÓN POR TRIMESTRE | BO1: ACTIVIDAD 17 REPRESENTACION INSTITUCIONAL SUBSISTEMA LOCAL NIÑEZ Y ADOLESCENCIA (PANI) CANTIDAD DE PARTICIPACIÓN POR TRIMESTRE | BS1: ACTIVIDAD 18 REPRESENTACION INSTITUCIONAL COMITÉ LOCAL CLAIS (PODER JUDICIAL-INAMU-FUERZA PUBLICA) CANTIDAD DE PARTICIPACIÓN POR TRIMESTRE
C2: PRIMER TRIMESTRE | D2: SEGUNDO TRIMESTRE | E2: TERCER TRIMESTRE | F2: CUARTO TRIMESTRE | G2: PRIMER TRIMESTRE | H2: SEGUNDO TRIMESTRE | I2: TERCER TRIMESTRE | J2: CUARTO TRIMESTRE | K2: PRIMER TRIMESTRE | L2: SEGUNDO TRIMESTRE | M2: TERCER TRIMESTRE | N2: CUARTO TRIMESTRE | O2: PRIMER TRIMESTRE | P2: SEGUNDO TRIMESTRE | Q2: TERCER TRIMESTRE | R2: CUARTO TRIMESTRE | S2: PRIMER TRIMESTRE | T2: SEGUNDO TRIMESTRE | U2: TERCER TRIMESTRE | V2: CUARTO TRIMESTRE | W2: PRIMER TRIMESTRE | X2: SEGUNDO TRIMESTRE | Y2: TERCER TRIMESTRE | Z2: CUARTO TRIMESTRE | AA2: PRIMER TRIMESTRE | AB2: SEGUNDO TRIMESTRE | AC2: TERCER TRIMESTRE | AD2: CUARTO TRIMESTRE | AE2: PRIMER TRIMESTRE | AF2: SEGUNDO TRIMESTRE | AG2: TERCER TRIMESTRE | AH2: CUARTO TRIMESTRE | AI2: PRIMER TRIMESTRE | AJ2: SEGUNDO TRIMESTRE | AK2: TERCER TRIMESTRE | AL2: CUARTO TRIMESTRE | AM2: PRIMER TRIMESTRE | AN2: SEGUNDO TRIMESTRE | AO2: TERCER TRIMESTRE | AP2: CUARTO TRIMESTRE | AQ2: PRIMER TRIMESTRE | AR2: SEGUNDO TRIMESTRE | AS2: TERCER TRIMESTRE | AT2: CUARTO TRIMESTRE | AU2: PRIMER TRIMESTRE | AV2: SEGUNDO TRIMESTRE | AW2: TERCER TRIMESTRE | AX2: CUARTO TRIMESTRE | AY2: PRIMER TRIMESTRE | AZ2: SEGUNDO TRIMESTRE | BA2: TERCER TRIMESTRE | BB2: CUARTO TRIMESTRE | BC2: PRIMER TRIMESTRE | BD2: SEGUNDO TRIMESTRE | BE2: TERCER TRIMESTRE | BF2: CUARTO TRIMESTRE | BG2: PRIMER TRIMESTRE | BH2: SEGUNDO TRIMESTRE | BI2: TERCER TRIMESTRE | BJ2: CUARTO TRIMESTRE | BK2: PRIMER TRIMESTRE | BL2: SEGUNDO TRIMESTRE | BM2: TERCER TRIMESTRE | BN2: CUARTO TRIMESTRE | BO2: PRIMER TRIMESTRE | BP2: SEGUNDO TRIMESTRE | BQ2: TERCER TRIMESTRE | BR2: CUARTO TRIMESTRE | BS2: PRIMER TRIMESTRE | BT2: SEGUNDO TRIMESTRE | BU2: TERCER TRIMESTRE | BV2: CUARTO TRIMESTRE
A3: PRIMERA SAN JOSE CENTRAL | B3: METROPOLITANA
B4: D-1 CARMEN | D4: 140 | L4: 140 | T4: 60 | AE4: 120 | BD4: 1 | BH4: 1 | BL4: 3 | BP4: 1 | BS4: 2 | BT4: 2
B5: D-2 MERCED | D5: 125 | L5: 100 | T5: 60 | AE5: 100 | BD5: 1 | BH5: 1 | BL5: 2 | BO5: 1 | BP5: 1 | BS5: 2
B6: D-3 HOSPITAL | D6: 143 | L6: 129 | T6: 50 | AE6: 119 | AJ6: 123 | BD6: 1 | BH6: 1 | BK6: 3 | BL6: 3 | BO6: 1 | BP6: 2 | BS6: 1 | BT6: 3
B7: D-4 CATEDRAL | D7: 125 | L7: 135 | T7: 80 | AB7: 1 | AE7: 400 | AJ7: 100 | BD7: 1 | BH7: 1 | BL7: 2 | BO7: 1 | BP7: 1 | BS7: 2 | BT7: 1
B8: D-5 SAN SEBASTIAN | D8: 125 | L8: 0 | T8: 50 | AB8: 1 | AE8: 100 | BD8: 1 | BH8: 1 | BK8: 2 | BL8: 2 | BO8: 2 | BP8: 1 | BT8: 1
B9: D-6 HATILLO | D9: 357 | L9: 357 | T9: 357 | AB9: 1 | AE9: 176 | AJ9: 171 | BD9: 1 | BH9: 1 | BL9: 1 | BO9: 2 | BP9: 1 | BT9: 1
B10: D-7 ZAPOTE/SAN FRANCISCO | D10: 140 | L10: 156 | T10: 199 | AB10: 2 | AE10: 100 | BD10: 1 | BH10: 1 | BL10: 3 | BO10: 1 | BP10: 3 | BS10: 3 | BT10: 0
B11: D-8 PAVAS | D11: 125 | L11: 100 | T11: 50 | AE11: 100 | BD11: 1 | BH11: 1 | BK11: 1 | BL11: 3
B12: D-9 URUCA/MATA REDONDA | D12: 134 | L12: 120 | T12: 100 | AE12: 100 | BD12: 1 | BH12: 1 | BL12: 3 | BP12: 2 | BS12: 2 | BT12: 1 | BV12: 1
C13: =SUM(C4:C12) -> 0 | D13: =SUM(D4:D12) -> 1414 | E13: =SUM(E4:E12) -> 0 | F13: =SUM(F4:F12) -> 0 | G13: =SUM(G4:G12) -> 0 | H13: =SUM(H4:H12) -> 0 | I13: =SUM(I4:I12) -> 0 | J13: =SUM(J4:J12) -> 0 | ... BB13: =SUM(BB4:BB12) -> 0 | BD13: 1 | BH13: 1 | BI13: =SUM(BI4:BI12) -> 0 | BJ13: =SUM(BJ4:BJ12) -> 0 | BK13: =SUM(BK4:BK12) -> 6 | BL13: =SUM(BL4:BL12) -> 22 | BM13: =SUM(BM4:BM12) -> 0 | BN13: =SUM(BN4:BN12) -> 0 | BO13: =SUM(BO4:BO12) -> 8 | BP13: =SUM(BP4:BP12) -> 12 | ... BV13: =SUM(BV4:BV12) -> 1
B14: TOTAL | C14: =SUM(C13+D13+E13+F13) -> 1414 | G14: =SUM(G13+H13+I13+J13) -> 0 | K14: =SUM(K13+L13+M13+N13) -> 1237 | O14: =SUM(O13+P13+Q13+R13) -> 0 | S14: =SUM(S13+T13+U13+V13) -> 1006 | W14: =SUM(W13+X13+Y13+Z13) -> 0 | AA14: =SUM(AA13+AB13+AC13+AD13) -> 5 | AE14: =SUM(AE13:AH13) -> 1315 | AI14: =SUM(AI13+AJ13+AK13+AL13) -> 394 | AM14: =SUM(AM13+AN13+AO13+AP13) -> 0 | AQ14: =SUM(AQ13+AR13+AS13+AT13) -> 0 | AU14: =SUM(AU13:AX13) -> 0 | AY14: =SUM(AY13:BB13) -> 0 | BC14: 1 | BG14: 1 | BK14: =SUM(BK13:BN13) -> 28 | BO14: =SUM(BO13:BR13) -> 20 | BS14: =SUM(BS13:BV13) -> 22

Sheet REGIÓN 1 SAN JOSÉ NORTE
A1: REGION | B1: DELEGACION POLICIAL | C1: ACTIVIDAD 1 CHARLA PREVENCIÓN DE LA VIOLENCIA EN RELACIONES DE PAREJA EJE 1 PLANOVI (JOVENES ADOLESCENTES) EJECUTAR MES DE MAYO LÍNEA BASE 125 PERSONAS | G1: ACTIVIDAD 2 CHARLA PREVENCIÓN DE LA VIOLENCIA DOMÉSTICA E INTRAFAMILIAR EJE 1 PLANOVI (PERSONAS ADULTAS) EJECUTAR MES DE AGOSTO LINEA BASE 25 PERSONAS | K1: ACTIVIDAD 3 CHARLA DE LA MASCULINIDAD POR LA IGUALDAD EJE 2 PLANOVI (JOVENES Y ADOLESCENTES) EJECUTAR MES DE MAYO LÍNEA BASE 100 PERSONAS | O1: ACTIVIDAD 4 CHARLA PREVENCIÓN DE LA MASCULINIDAD POR LA IGUALDAD ADULTOS EJE 2 PLANOVI (COMUNIDAD) EJECUTAR MES DE AGOSTO LÍNEA BASE 15 PERSONAS | S1: ACTIVIDAD 5 CHARLA TRATA DE PERSONAS JOVENES ADOLESCENTES EJE 1 CONATT EJECUTAR MES DE MAYO LÍNEA BASE 50 PERSONAS | W1: ACTIVIDAD 6 CHARLA TRATA DE PERSONAS ADULTOS COMUNIDADES EJE 1 CONATT EJECUTAR MES DE AGOSTO LÍNEA BASE 10 PARTICIPANTES | AA1: ACTIVIDAD 7 CHARLA PREVENCIÓN DEL FEMICIDIO Y DIVULGACION COMITES CLAIS PERSONAS ADULTAS EJE 6 PLANOVI EJECUTAR MES DE OCTUBRE LÍNEA BASE 15 | AE1: ACTIVIDAD 8 ESTRATEGIA DE COMUNICACIÓN EJE 1 PLANOVI PREVENCION DE LA VIOLENCIA CONTRA LAS MUJERES EJECUTAR MES DE MARZO LÍNEA BASE 100 PERSONAS | AI1: ACTIVIDAD 9 ESTRATEGIA DE COMUNICACIÓN EJE 2 PLANOVI MASCULINIDAD POR LA IGUALDAD EJECUTAR MES DE JUNIO LÍNEA BASE 100 PERSONAS | AM1: ACTIVIDAD 10 ESTRATEGIA DE COMUNICACIÓN EJE 5 PLANOVI PREVENCIÓN, ATENCIÓN INTEGRAL Y NO-REVICTIMIZACIÓN FRENTE A LA VIOLENCIA SEXUAL EJECUTAR MES DE SETIEMBRE LÍNEA BASE 100 PERSONAS | AQ1: ACTIVIDAD 11 ESTRATEGIA DE COMUNICACIÓN EJE 6 PLANOVI PREVENCIÓN DEL FEMICIDIO EJECUTAR MES DE NOVIEMBRE LÍNEA BASE 100 PERSONAS | AU1: ACTIVIDAD 12 ESTRATEGIA DE COMUNICACIÓN EJE 1 CONATT CONTRA LA TRATA DE PERSONAS EJECUTAR MES DE JULIO LÍNEA BASE 100 PERSONAS | AY1: ACTIVIDAD 13 ESTRATEGIA DE COMUNICACIÓN EJE 1 CONATT TRAFICO ILICITO PERSONAS MIGRANTES EJECUTAR MES DE DICIEMBRE LÍNEA BASE 100 PERSONAS | BC1: ACTIVIDAD 14 ESTRATEGIA DE COMUNICACIÓN JUSTICIA RESTAURATIVA EJECUTAR MES DE ABRIL 50% COMITÉS SEGURIDAD COMUNITARIA | BG1: ACTIVIDAD 15 ESTRATEGIA DE COMUNICACIÓN JUSTICIA RESTAURATIVA EJECUTAR MES DE ABRIL 50% COMERCIOS | BK1: ACTIVIDAD 16 REPRESENTACION INSTITUCIONAL REDES CONTRA LA VIOLENCIA INTRAFAMILIAR PLANOVI CANTIDAD DE PARTICIPACIÓN POR TRIMESTRE | BO1: ACTIVIDAD 17 REPRESENTACION INSTITUCIONAL SUBSISTEMA LOCAL NIÑEZ Y ADOLESCENCIA (PANI) CANTIDAD DE PARTICIPACIÓN POR TRIMESTRE | BS1: ACTIVIDAD 18 REPRESENTACION INSTITUCIONAL COMITÉ LOCAL CLAIS (PODER JUDICIAL-INAMU-FUERZA PUBLICA) CANTIDAD DE PARTICIPACIÓN POR TRIMESTRE
C2: PRIMER TRIMESTRE | D2: SEGUNDO TRIMESTRE | E2: TERCER TRIMESTRE | F2: CUARTO TRIMESTRE | G2: PRIMER TRIMESTRE | H2: SEGUNDO TRIMESTRE | I2: TERCER TRIMESTRE | J2: CUARTO TRIMESTRE | K2: PRIMER TRIMESTRE | L2: SEGUNDO TRIMESTRE | M2: TERCER TRIMESTRE | N2: CUARTO TRIMESTRE | O2: PRIMER TRIMESTRE | P2: SEGUNDO TRIMESTRE | Q2: TERCER TRIMESTRE | R2: CUARTO TRIMESTRE | S2: PRIMER TRIMESTRE | T2: SEGUNDO TRIMESTRE | U2: TERCER TRIMESTRE | V2: CUARTO TRIMESTRE | W2: PRIMER TRIMESTRE | X2: SEGUNDO TRIMESTRE | Y2: TERCER TRIMESTRE | Z2: CUARTO TRIMESTRE | AA2: PRIMER TRIMESTRE | AB2: SEGUNDO TRIMESTRE | AC2: TERCER TRIMESTRE | AD2: CUARTO TRIMESTRE | AE2: PRIMER TRIMESTRE | AF2: SEGUNDO TRIMESTRE | AG2: TERCER TRIMESTRE | AH2: CUARTO TRIMESTRE | AI2: PRIMER TRIMESTRE | AJ2: SEGUNDO TRIMESTRE | AK2: TERCER TRIMESTRE | AL2: CUARTO TRIMESTRE | AM2: PRIMER TRIMESTRE | AN2: SEGUNDO TRIMESTRE | AO2: TERCER TRIMESTRE | AP2: CUARTO TRIMESTRE | AQ2: PRIMER TRIMESTRE | AR2: SEGUNDO TRIMESTRE | AS2: TERCER TRIMESTRE | AT2: CUARTO TRIMESTRE | AU2: PRIMER TRIMESTRE | AV2: SEGUNDO TRIMESTRE | AW2: TERCER TRIMESTRE | AX2: CUARTO TRIMESTRE | AY2: PRIMER TRIMESTRE | AZ2: SEGUNDO TRIMESTRE | BA2: TERCER TRIMESTRE | BB2: CUARTO TRIMESTRE | BC2: PRIMER TRIMESTRE | BD2: SEGUNDO TRIMESTRE | BE2: TERCER TRIMESTRE | BF2: CUARTO TRIMESTRE | BG2: PRIMER TRIMESTRE | BH2: SEGUNDO TRIMESTRE | BI2: TERCER TRIMESTRE | BJ2: CUARTO TRIMESTRE | BK2: PRIMER TRIMESTRE | BL2: SEGUNDO TRIMESTRE | BM2: TERCER TRIMESTRE | BN2: CUARTO TRIMESTRE | BO2: PRIMER TRIMESTRE | BP2: SEGUNDO TRIMESTRE | BQ2: TERCER TRIMESTRE | BR2: CUARTO TRIMESTRE | BS2: PRIMER TRIMESTRE | BT2: SEGUNDO TRIMESTRE | BU2: TERCER TRIMESTRE | BV2: CUARTO TRIMESTRE
A3: REGIÓN 1 SAN JOSE NORTE | B3: D-10 CURRIDABAT | D3: 125 | L3: 100 | T3: 50 | AE3: 100 | BD3: 1 | BH3: 1 | BK3: 1 | BL3: 3 | BO3: 1 | BP3: 3 | BT3: LLAMAR A COMISION PARA INFORMACIÓN DE LA CONFORMACION
B4: D-11 MONTES DE OCA | D4: 145 | L4: 120 | T4: 80 | AE4: 187 | BD4: 1 | BH4: 1 | BO4: 1 | BS4: SOLICITAR A DOÑA SHIRLEY LA CAPACITACION POR PARTE DEL PJ
B5: D-12 GOICOECHEA | D5: 125 | L5: 100 | T5: 155 | AE5: 129 | BD5: 1 | BH5: 1 | BK5: 2 | BS5: SOLICITAR A DOÑA SHIRLEY LA CAPACITACION POR PARTE DEL PJ
B6: D-13 MORAVIA | D6: 125 | L6: 118 | T6: 60 | AE6: 100 | BD6: 1 | BH6: 1 | BK6: 2 | BL6: 3 | BO6: 1 | BP6: 3 | BS6: SOLICITAR A DOÑA SHIRLEY LA CAPACITACION POR PARTE DEL PJ
B7: D-14 TIBAS | D7: 125 | L7: 100 | T7: 50 | AE7: 100 | BD7: 1 | BH7: 1 | BL7: 3 | BO7: 3 | BP7: 2 | BS7: SOLICITAR A DOÑA SHIRLEY LA CAPACITACION POR PARTE DEL PJ
B8: D-15 CORONADO | D8: 125 | L8: 100 | T8: 50 | AE8: 153 | BD8: 1 | BH8: 1 | BK8: 2 | BL8: 1 | BO8: 3 | BP8: 1 | BS8: SOLICITAR A DOÑA SHIRLEY LA CAPACITACION POR PARTE DEL PJ
C9: =SUM(C3:C8) -> 0 | D9: =SUM(D3:D8) -> 770 | E9: =SUM(E3:E8) -> 0 | F9: =SUM(F3:F8) -> 0 | G9: =SUM(G3:G8) -> 0 | H9: =SUM(H3:H8) -> 0 | I9: =SUM(I3:I8) -> 0 | J9: =SUM(J3:J8) -> 0 | ... BB9: =SUM(BB3:BB8) -> 0 | BK9: =SUM(BK3:BK8) -> 7 | BL9: =SUM(BL3:BL8) -> 10 | BM9: =SUM(BM3:BM8) -> 0 | BN9: =SUM(BN3:BN8) -> 0 | BO9: =SUM(BO3:BO8) -> 9 | BP9: =SUM(BP3:BP8) -> 9 | BQ9: =SUM(BQ3:BQ8) -> 0 | BR9: =SUM(BR3:BR8) -> 0 | ... BV9: =SUM(BV3:BV8) -> 0
B10: TOTAL | C10: =SUM(C9+D9+E9+F9) -> 770 | G10: =SUM(G9+H9+I9+J9) -> 0 | K10: =SUM(K9+L9+M9+N9) -> 638 | O10: =SUM(O9+P9+Q9+R9) -> 0 | S10: =SUM(S9+T9+U9+V9) -> 445 | W10: =SUM(W9+X9+Y9+Z9) -> 0 | AA10: =SUM(AA9+AB9+AC9+AD9) -> 0 | AE10: =SUM(AE9:AH9) -> 769 | AI10: =SUM(AI9+AJ9+AK9+AL9) -> 0 | AM10: =SUM(AM9+AN9+AO9+AP9) -> 0 | AQ10: =SUM(AQ9+AR9+AS9+AT9) -> 0 | AU10: =SUM(AU9:AX9) -> 0 | AY10: =SUM(AY9:BB9) -> 0 | BC10: =SUM(BC9:BF9) -> 0 | BG10: =SUM(BG9:BJ9) -> 0 | BK10: =SUM(BK9:BN9) -> 17 | BO10: =SUM(BO9:BR9) -> 18 | BS10: =SUM(BS9:BV9) -> 0

Sheet REGIÓN 1 SAN JOSÉ SUR
A1: REGION | B1: DELEGACION POLICIAL | C1: ACTIVIDAD 1 CHARLA PREVENCIÓN DE LA VIOLENCIA EN RELACIONES DE PAREJA EJE 1 PLANOVI (JOVENES ADOLESCENTES) EJECUTAR MES DE MAYO LÍNEA BASE 125 PERSONAS | G1: ACTIVIDAD 2 CHARLA PREVENCIÓN DE LA VIOLENCIA DOMÉSTICA E INTRAFAMILIAR EJE 1 PLANOVI (PERSONAS ADULTAS) EJECUTAR MES DE AGOSTO LINEA BASE 25 PERSONAS | K1: ACTIVIDAD 3 CHARLA PREVENCIÓN DE LA MASCULINIDAD POR LA IGUALDAD EJE 2 PLANOVI (JOVENES Y ADOLESCENTES) EJECUTAR MES DE MAYO LÍNEA BASE 100 PERSONAS | O1: ACTIVIDAD 4 CHARLA PREVENCIÓN DE LA MASCULINIDAD POR LA IGUALDAD ADULTOS EJE 2 PLANOVI (COMUNIDAD) EJECUTAR MES DE AGOSTO LÍNEA BASE 15 PERSONAS | S1: ACTIVIDAD 5 CHARLA TRATA DE PERSONAS JOVENES ADOLESCENTES EJE 1 CONATT EJECUTAR MES DE MAYO LÍNEA BASE 50 PERSONAS | W1: ACTIVIDAD 6 CHARLA TRATA DE PERSONAS ADULTOS COMUNIDADES EJE 1 CONATT EJECUTAR MES DE AGOSTO LÍNEA BASE 10 PARTICIPANTES | AA1: ACTIVIDAD 7 CHARLA PREVENCIÓN DEL FEMICIDIO Y DIVULGACION COMITES CLAIS PERSONAS ADULTAS EJE 6 PLANOVI EJECUTAR MES DE OCTUBRE LÍNEA BASE 15 | AE1: ACTIVIDAD 8 ESTRATEGIA DE COMUNICACIÓN EJE 1 PLANOVI PREVENCION DE LA VIOLENCIA CONTRA LAS MUJERES EJECUTAR MES DE MARZO LÍNEA BASE 100 PERSONAS | AI1: ACTIVIDAD 9 ESTRATEGIA DE COMUNICACIÓN EJE 2 PLANOVI MASCULINIDAD POR LA IGUALDAD EJECUTAR MES DE JUNIO LÍNEA BASE 100 PERSONAS | AM1: ACTIVIDAD 10 ESTRATEGIA DE COMUNICACIÓN EJE 5 PLANOVI PREVENCIÓN, ATENCIÓN INTEGRAL Y NO-REVICTIMIZACIÓN FRENTE A LA VIOLENCIA SEXUAL EJECUTAR MES DE SETIEMBRE LÍNEA BASE 100 PERSONAS | AQ1: ACTIVIDAD 11 ESTRATEGIA DE COMUNICACIÓN EJE 6 PLANOVI PREVENCIÓN DEL FEMICIDIO EJECUTAR MES DE NOVIEMBRE LÍNEA BASE 100 PERSONAS | AU1: ACTIVIDAD 12 ESTRATEGIA DE COMUNICACIÓN EJE 1 CONATT CONTRA LA TRATA DE PERSONAS EJECUTAR MES DE JULIO LÍNEA BASE 100 PERSONAS | AY1: ACTIVIDAD 13 ESTRATEGIA DE COMUNICACIÓN EJE 1 CONATT TRAFICO ILICITO PERSONAS MIGRANTES EJECUTAR MES DE DICIEMBRE LÍNEA BASE 100 PERSONAS | BC1: ACTIVIDAD 14 ESTRATEGIA DE COMUNICACIÓN JUSTICIA RESTAURATIVA EJECUTAR MES DE ABRIL 50% COMITÉS SEGURIDAD COMUNITARIA | BG1: ACTIVIDAD 15 ESTRATEGIA DE COMUNICACIÓN JUSTICIA RESTAURATIVA EJECUTAR MES DE ABRIL 50% COMERCIOS | BK1: ACTIVIDAD 16 REPRESENTACION INSTITUCIONAL REDES CONTRA LA VIOLENCIA INTRAFAMILIAR PLANOVI CANTIDAD DE PARTICIPACIÓN POR TRIMESTRE | BO1: ACTIVIDAD 17 REPRESENTACION INSTITUCIONAL SUBSISTEMA LOCAL NIÑEZ Y ADOLESCENCIA (PANI) CANTIDAD DE PARTICIPACIÓN POR TRIMESTRE | BS1: ACTIVIDAD 18 REPRESENTACION INSTITUCIONAL COMITÉ LOCAL CLAIS (PODER JUDICIAL-INAMU-FUERZA PUBLICA) CANTIDAD DE PARTICIPACIÓN POR TRIMESTRE
C2: PRIMER TRIMESTRE | D2: SEGUNDO TRIMESTRE | E2: TERCER TRIMESTRE | F2: CUARTO TRIMESTRE | G2: PRIMER TRIMESTRE | H2: SEGUNDO TRIMESTRE | I2: TERCER TRIMESTRE | J2: CUARTO TRIMESTRE | K2: PRIMER TRIMESTRE | L2: SEGUNDO TRIMESTRE | M2: TERCER TRIMESTRE | N2: CUARTO TRIMESTRE | O2: PRIMER TRIMESTRE | P2: SEGUNDO TRIMESTRE | Q2: TERCER TRIMESTRE | R2: CUARTO TRIMESTRE | S2: PRIMER TRIMESTRE | T2: SEGUNDO TRIMESTRE | U2: TERCER TRIMESTRE | V2: CUARTO TRIMESTRE | W2: PRIMER TRIMESTRE | X2: SEGUNDO TRIMESTRE | Y2: TERCER TRIMESTRE | Z2: CUARTO TRIMESTRE | AA2: PRIMER TRIMESTRE | AB2: SEGUNDO TRIMESTRE | AC2: TERCER TRIMESTRE | AD2: CUARTO TRIMESTRE | AE2: PRIMER TRIMESTRE | AF2: SEGUNDO TRIMESTRE | AG2: TERCER TRIMESTRE | AH2: CUARTO TRIMESTRE | AI2: PRIMER TRIMESTRE | AJ2: SEGUNDO TRIMESTRE | AK2: TERCER TRIMESTRE | AL2: CUARTO TRIMESTRE | AM2: PRIMER TRIMESTRE | AN2: SEGUNDO TRIMESTRE | AO2: TERCER TRIMESTRE | AP2: CUARTO TRIMESTRE | AQ2: PRIMER TRIMESTRE | AR2: SEGUNDO TRIMESTRE | AS2: TERCER TRIMESTRE | AT2: CUARTO TRIMESTRE | AU2: PRIMER TRIMESTRE | AV2: SEGUNDO TRIMESTRE | AW2: TERCER TRIMESTRE | AX2: CUARTO TRIMESTRE | AY2: PRIMER TRIMESTRE | AZ2: SEGUNDO TRIMESTRE | BA2: TERCER TRIMESTRE | BB2: CUARTO TRIMESTRE | BC2: PRIMER TRIMESTRE | BD2: SEGUNDO TRIMESTRE | BE2: TERCER TRIMESTRE | BF2: CUARTO TRIMESTRE | BG2: PRIMER TRIMESTRE | BH2: SEGUNDO TRIMESTRE | BI2: TERCER TRIMESTRE | BJ2: CUARTO TRIMESTRE | BK2: PRIMER TRIMESTRE | BL2: SEGUNDO TRIMESTRE | BM2: TERCER TRIMESTRE | BN2: CUARTO TRIMESTRE | BO2: PRIMER TRIMESTRE | BP2: SEGUNDO TRIMESTRE | BQ2: TERCER TRIMESTRE | BR2: CUARTO TRIMESTRE | BS2: PRIMER TRIMESTRE | BT2: SEGUNDO TRIMESTRE | BU2: TERCER TRIMESTRE | BV2: CUARTO TRIMESTRE
A3: PRIMERA SAN JOSE SUR | B3: D-16 DESAMPARADOS NORTE | D3: 544 | L3: 477 | T3: 291 | AE3: 223 | AK3: 0 | BD3: 1 | BH3: 1 | BK3: 3 | BL3: 2 | BO3: 4 | BP3: 2 | BS3: 1 | BT3: 1
B4: D-17 DESAMPARADOS SUR | D4: 141 | L4: 141 | T4: 70 | AE4: 194 | AK4: 0 | BD4: 1 | BH4: 1 | BK4: 3 | BL4: 2 | BO4: 3 | BP4: 2 | BS4: 1 | BT4: 0
B5: D-18 ASERRI | D5: 208 | L5: 101 | T5: 155 | AE5: 125 | AK5: 0 | BD5: 1 | BH5: 1 | BK5: 1 | BL5: 2 | BP5: 1
B6: D-19 ACOSTA | D6: 127 | L6: 100 | T6: 50 | AE6: 198 | AK6: 161 | BD6: 1 | BH6: 1 | BK6: 1 | BL6: 3 | BP6: 0
B7: D-20 ALAJUELITA | D7: 125 | L7: 100 | T7: 50 | AE7: 300 | AK7: 100 | BD7: 1 | BH7: 1 | BK7: 2 | BL7: 0 | BO7: 2 | BP7: 0 | BT7: 0
B8: D-21 ESCAZU | D8: 126 | L8: 103 | T8: 50 | AE8: 158 | AK8: 158 | BD8: 1 | BH8: 1 | BK8: 1 | BL8: 3 | BO8: 1 | BP8: 3
B9: D-22 SANTA ANA | D9: 142 | L9: 102 | T9: 95 | AK9: 0 | BD9: 1 | BH9: 1 | BL9: 2 | BP9: 0
B10: D-23 MORA | D10: 130 | L10: 114 | T10: 57 | AE10: 2273 | AK10: 2196 | BD10: 1 | BH10: 1 | BK10: 2 | BL10: 3 | BO10: 1 | BP10: 3
B11: D-24 PURISCAL | D11: 125 | L11: 119 | T11: 54 | AE11: 394 | AK11: 394 | BD11: 1 | BH11: 1 | BK11: 1 | BL11: 2 | BP11: 1
B12: D-25 TURRUBARES | D12: 126 | L12: 105 | T12: 51 | AE12: 277 | AK12: 0 | BD12: 1 | BH12: 1 | BO12: 3 | BP12: 2
C13: =SUM(C3:C12) -> 0 | D13: =SUM(D3:D12) -> 1794 | E13: =SUM(E3:E12) -> 0 | F13: =SUM(F3:F12) -> 0 | G13: =SUM(G3:G12) -> 0 | H13: =SUM(H3:H12) -> 0 | I13: =SUM(I3:I12) -> 0 | J13: =SUM(J3:J12) -> 0 | ... BB13: =SUM(BB3:BB12) -> 0 | BD13: 1 | BH13: 1 | BK13: =SUM(BK3:BK12) -> 14 | BL13: =SUM(BL3:BL12) -> 19 | BM13: =SUM(BM3:BM12) -> 0 | BN13: =SUM(BN3:BN12) -> 0 | BO13: =SUM(BO3:BO12) -> 14 | BP13: =SUM(BP3:BP12) -> 14 | BQ13: =SUM(BQ3:BQ12) -> 0 | BR13: =SUM(BR3:BR12) -> 0 | ... BV13: =SUM(BV3:BV12) -> 0
B14: TOTAL | C14: =SUM(C13+D13+E13+F13) -> 1794 | G14: =SUM(G13+H13+I13+J13) -> 0 | K14: =SUM(K13+L13+M13+N13) -> 1462 | O14: =SUM(O13+P13+Q13+R13) -> 0 | S14: =SUM(S13+T13+U13+V13) -> 923 | W14: =SUM(W13+X13+Y13+Z13) -> 0 | AA14: =SUM(AA13+AB13+AC13+AD13) -> 0 | AE14: =SUM(AE13:AH13) -> 4142 | AI14: =SUM(AI13+AJ13+AK13+AL13) -> 3009 | AM14: =SUM(AM13+AN13+AO13+AP13) -> 0 | AQ14: =SUM(AQ13+AR13+AS13+AT13) -> 0 | AU14: =SUM(AU13:AX13) -> 0 | AY14: =SUM(AY13:BB13) -> 0 | BC14: 1 | BG14: 1 | BK14: =SUM(BK13:BN13) -> 33 | BO14: =SUM(BO13:BR13) -> 28 | BS14: =SUM(BS13:BV13) -> 3

Sheet REGION 2 ALAJUELA
A1: REGION | B1: DELEGACION POLICIAL | C1: ACTIVIDAD 1 CHARLA PREVENCIÓN DE LA VIOLENCIA EN RELACIONES DE PAREJA EJE 1 PLANOVI (JOVENES ADOLESCENTES) EJECUTAR MES DE MAYO LÍNEA BASE 100 PERSONAS | G1: ACTIVIDAD 2 CHARLA PREVENCIÓN DE LA VIOLENCIA DOMÉSTICA E INTRAFAMILIAR EJE 1 PLANOVI (PERSONAS ADULTAS) EJECUTAR MES DE AGOSTO LINEA BASE 25 PERSONAS | K1: ACTIVIDAD 3 CHARLA PREVENCIÓN DE LA MASCULINIDAD POR LA IGUALDAD EJE 2 PLANOVI (JOVENES Y ADOLESCENTES) EJECUTAR MES DE MAYO LÍNEA BASE 75 PERSONAS | O1: ACTIVIDAD 4 CHARLA PREVENCIÓN DE LA MASCULINIDAD POR LA IGUALDAD ADULTOS EJE 2 PLANOVI (COMUNIDAD) EJECUTAR MES DE AGOSTO LÍNEA BASE 15 PERSONAS | S1: ACTIVIDAD 5 CHARLA TRATA DE PERSONAS JOVENES ADOLESCENTES EJE 1 CONATT EJECUTAR MES DE MAYO LÍNEA BASE 50 PERSONAS | W1: ACTIVIDAD 6 CHARLA TRATA DE PERSONAS ADULTOS COMUNIDADES EJE 1 CONATT EJECUTAR MES DE AGOSTO LÍNEA BASE 10 PARTICIPANTES | AA1: ACTIVIDAD 7 CHARLA PREVENCIÓN DEL FEMICIDIO Y DIVULGACION COMITES CLAIS PERSONAS ADULTAS EJE 6 PLANOVI EJECUTAR MES DE OCTUBRE LÍNEA BASE 15 | AE1: ACTIVIDAD 8 ESTRATEGIA DE COMUNICACIÓN EJE 1 PLANOVI PREVENCION DE LA VIOLENCIA CONTRA LAS MUJERES EJECUTAR MES DE MARZO LÍNEA BASE 100 PERSONAS | AI1: ACTIVIDAD 9 ESTRATEGIA DE COMUNICACIÓN EJE 2 PLANOVI MASCULINIDAD POR LA IGUALDAD EJECUTAR MES DE JUNIO LÍNEA BASE 100 PERSONAS | AM1: ACTIVIDAD 10 ESTRATEGIA DE COMUNICACIÓN EJE 5 PLANOVI PREVENCIÓN, ATENCIÓN INTEGRAL Y NO-REVICTIMIZACIÓN FRENTE A LA VIOLENCIA SEXUAL EJECUTAR MES DE SETIEMBRE LÍNEA BASE 100 PERSONAS | AQ1: ACTIVIDAD 11 ESTRATEGIA DE COMUNICACIÓN EJE 6 PLANOVI PREVENCIÓN DEL FEMICIDIO EJECUTAR MES DE NOVIEMBRE LÍNEA BASE 100 PERSONAS | AU1: ACTIVIDAD 12 ESTRATEGIA DE COMUNICACIÓN EJE 1 CONATT CONTRA LA TRATA DE PERSONAS EJECUTAR MES DE JULIO LÍNEA BASE 100 PERSONAS | AY1: ACTIVIDAD 13 ESTRATEGIA DE COMUNICACIÓN EJE 1 CONATT TRAFICO ILICITO PERSONAS MIGRANTES EJECUTAR MES DE DICIEMBRE LÍNEA BASE 100 PERSONAS | BC1: ACTIVIDAD 14 ESTRATEGIA DE COMUNICACIÓN JUSTICIA RESTAURATIVA EJECUTAR MES DE ABRIL 50% COMITÉS SEGURIDAD COMUNITARIA | BG1: ACTIVIDAD 15 ESTRATEGIA DE COMUNICACIÓN JUSTICIA RESTAURATIVA EJECUTAR MES DE ABRIL 50% COMERCIOS | BK1: ACTIVIDAD 16 REPRESENTACION INSTITUCIONAL REDES CONTRA LA VIOLENCIA INTRAFAMILIAR PLANOVI CANTIDAD DE PARTICIPACIÓN POR TRIMESTRE | BO1: ACTIVIDAD 17 REPRESENTACION INSTITUCIONAL SUBSISTEMA LOCAL NIÑEZ Y ADOLESCENCIA (PANI) CANTIDAD DE PARTICIPACIÓN POR TRIMESTRE | BS1: ACTIVIDAD 18 REPRESENTACION INSTITUCIONAL COMITÉ LOCAL CLAIS (PODER JUDICIAL-INAMU-FUERZA PUBLICA) CANTIDAD DE PARTICIPACIÓN POR TRIMESTRE
C2: PRIMER TRIMESTRE | D2: SEGUNDO TRIMESTRE | E2: TERCER TRIMESTRE | F2: CUARTO TRIMESTRE | G2: PRIMER TRIMESTRE | H2: SEGUNDO TRIMESTRE | I2: TERCER TRIMESTRE | J2: CUARTO TRIMESTRE | K2: PRIMER TRIMESTRE | L2: SEGUNDO TRIMESTRE | M2: TERCER TRIMESTRE | N2: CUARTO TRIMESTRE | O2: PRIMER TRIMESTRE | P2: SEGUNDO TRIMESTRE | Q2: TERCER TRIMESTRE | R2: CUARTO TRIMESTRE | S2: PRIMER TRIMESTRE | T2: SEGUNDO TRIMESTRE | U2: TERCER TRIMESTRE | V2: CUARTO TRIMESTRE | W2: PRIMER TRIMESTRE | X2: SEGUNDO TRIMESTRE | Y2: TERCER TRIMESTRE | Z2: CUARTO TRIMESTRE | AA2: PRIMER TRIMESTRE | AB2: SEGUNDO TRIMESTRE | AC2: TERCER TRIMESTRE | AD2: CUARTO TRIMESTRE | AE2: PRIMER TRIMESTRE | AF2: SEGUNDO TRIMESTRE | AG2: TERCER TRIMESTRE | AH2: CUARTO TRIMESTRE | AI2: PRIMER TRIMESTRE | AJ2: SEGUNDO TRIMESTRE | AK2: TERCER TRIMESTRE | AL2: CUARTO TRIMESTRE | AM2: PRIMER TRIMESTRE | AN2: SEGUNDO TRIMESTRE | AO2: TERCER TRIMESTRE | AP2: CUARTO TRIMESTRE | AQ2: PRIMER TRIMESTRE | AR2: SEGUNDO TRIMESTRE | AS2: TERCER TRIMESTRE | AT2: CUARTO TRIMESTRE | AU2: PRIMER TRIMESTRE | AV2: SEGUNDO TRIMESTRE | AW2: TERCER TRIMESTRE | AX2: CUARTO TRIMESTRE | AY2: PRIMER TRIMESTRE | AZ2: SEGUNDO TRIMESTRE | BA2: TERCER TRIMESTRE | BB2: CUARTO TRIMESTRE | BC2: PRIMER TRIMESTRE | BD2: SEGUNDO TRIMESTRE | BE2: TERCER TRIMESTRE | BF2: CUARTO TRIMESTRE | BG2: PRIMER TRIMESTRE | BH2: SEGUNDO TRIMESTRE | BI2: TERCER TRIMESTRE | BJ2: CUARTO TRIMESTRE | BK2: PRIMER TRIMESTRE | BL2: SEGUNDO TRIMESTRE | BM2: TERCER TRIMESTRE | BN2: CUARTO TRIMESTRE | BO2: PRIMER TRIMESTRE | BP2: SEGUNDO TRIMESTRE | BQ2: TERCER TRIMESTRE | BR2: CUARTO TRIMESTRE | BS2: PRIMER TRIMESTRE | BT2: SEGUNDO TRIMESTRE | BU2: TERCER TRIMESTRE | BV2: CUARTO TRIMESTRE
A3: REGION 2 ALAJUELA | B3: D-26 ALAJUELA sur | D3: 125 | L3: 100 | T3: 50 | AJ3: 500 | BD3: 1 | BH3: 1 | BK3: 2 | BL3: 2 | BO3: 1 | BP3: 2 | BS3: 1 | BT3: 1
B4: D-27 ALAJUELA NORTE | D4: 125 | L4: 116 | T4: 50 | AE4: 345 | AF4: 45 | AJ4: 0 | BD4: 1 | BH4: 1 | BK4: 2 | BL4: 3 | BP4: 2 | BS4: 1 | BT4: 1
B5: D-28 SAN RAMON | D5: 127 | L5: 101 | T5: 52 | AE5: 242 | AJ5: 223 | BD5: 1 | BH5: 1 | BK5: 1 | BL5: 2 | BO5: 2 | BP5: 1
B6: D-29 GRECIA | D6: 125 | L6: 100 | T6: 93 | AE6: 433 | AJ6: 0 | BD6: 1 | BH6: 1 | BL6: 0 | BP6: 0
B7: D-30 SAN MATEO | D7: 140 | L7: 100 | T7: 59 | AJ7: 0 | BD7: 1 | BH7: 1 | BL7: 2 | BP7: 2
B8: D-31 ATENAS | D8: 150 | L8: 120 | T8: 150 | AE8: 100 | AJ8: 0 | BD8: 1 | BH8: 1 | BL8: 1 | BO8: 1 | BP8: 3
B9: D-32 NARANJO | D9: 178 | L9: 145 | T9: 98 | AE9: 167 | AJ9: 255 | BD9: 1 | BH9: 1 | BK9: 2 | BL9: 1 | BO9: 2 | BP9: 3
B10: D-33 PALMARES | D10: 161 | L10: 131 | T10: 63 | AE10: 258 | AJ10: 0 | BD10: 1 | BH10: 1 | BL10: 3 | BP10: 0
B11: D-34 POAS | D11: 143 | L11: 139 | T11: 51 | AE11: 226 | AJ11: 0 | BD11: 1 | BH11: 1 | BK11: 2 | BL11: 1 | BO11: 1 | BP11: 3
B12: D-35 OROTINA | D12: 125 | L12: 124 | T12: 57 | AE12: 323 | AJ12: 0 | BD12: 1 | BH12: 1 | BK12: 2 | BL12: 1 | BO12: 2 | BP12: 1
B13: D-36 SARCHI | D13: 125 | L13: 100 | T13: 50 | AE13: 100 | AJ13: 0 | BD13: 1 | BH13: 1 | BK13: 1 | BL13: 1 | BO13: 2 | BP13: 1
C14: =SUM(C4:C13) -> 0 | D14: =SUM(D4:D13) -> 1399 | E14: =SUM(E4:E13) -> 0 | F14: =SUM(F4:F13) -> 0 | G14: =SUM(G4:G13) -> 0 | H14: =SUM(H4:H13) -> 0 | I14: =SUM(I4:I13) -> 0 | J14: =SUM(J4:J13) -> 0 | ... BB14: =SUM(BB4:BB13) -> 0 | BK14: =SUM(BK4:BK13) -> 10 | BL14: =SUM(BL4:BL13) -> 15 | BM14: =SUM(BM4:BM13) -> 0 | BN14: =SUM(BN4:BN13) -> 0 | BO14: =SUM(BO4:BO13) -> 10 | BP14: =SUM(BP4:BP13) -> 16 | BQ14: =SUM(BQ4:BQ13) -> 0 | BR14: =SUM(BR4:BR13) -> 0 | ... BV14: =SUM(BV4:BV13) -> 0
B15: TOTAL | C15: =SUM(C14+D14+E14+F14) -> 1399 | G15: =SUM(G14+H14+I14+J14) -> 0 | K15: =SUM(K14+L14+M14+N14) -> 1176 | O15: =SUM(O14+P14+Q14+R14) -> 0 | S15: =SUM(S14+T14+U14+V14) -> 723 | W15: =SUM(W14+X14+Y14+Z14) -> 0 | AA15: =SUM(AA14+AB14+AC14+AD14) -> 0 | AE15: =SUM(AE14:AH14) -> 2239 | AI15: =SUM(AI14+AJ14+AK14+AL14) -> 478 | AM15: =SUM(AM14+AN14+AO14+AP14) -> 0 | AQ15: =SUM(AQ14+AR14+AS14+AT14) -> 0 | AU15: =SUM(AU14:AX14) -> 0 | AY15: =SUM(AY14:BB14) -> 0 | BC15: 1 | BG15: 1 | BK15: =SUM(BK14:BN14) -> 25 | BO15: =SUM(BO14:BR14) -> 26 | BS15: =SUM(BS14:BV14) -> 2

Sheet REGION 3 CARTAGO
A1: REGION | B1: DELEGACION POLICIAL | C1: ACTIVIDAD 1 CHARLA PREVENCIÓN DE LA VIOLENCIA EN RELACIONES DE PAREJA EJE 1 PLANOVI (JOVENES ADOLESCENTES) EJECUTAR MES DE MAYO LÍNEA BASE 125 PERSONAS | G1: ACTIVIDAD 2 CHARLA PREVENCIÓN DE LA VIOLENCIA DOMÉSTICA E INTRAFAMILIAR EJE 1 PLANOVI (PERSONAS ADULTAS) EJECUTAR MES DE AGOSTO LINEA BASE 25 PERSONAS | K1: ACTIVIDAD 3 CHARLA PREVENCIÓN DE LA MASCULINIDAD POR LA IGUALDAD EJE 2 PLANOVI (JOVENES Y ADOLESCENTES) EJECUTAR MES DE MAYO LÍNEA BASE 100 PERSONAS | O1: ACTIVIDAD 4 CHARLA PREVENCIÓN DE LA MASCULINIDAD POR LA IGUALDAD ADULTOS EJE 2 PLANOVI (COMUNIDAD) EJECUTAR MES DE AGOSTO LÍNEA BASE 15 PERSONAS | S1: ACTIVIDAD 5 CHARLA TRATA DE PERSONAS JOVENES ADOLESCENTES EJE 1 CONATT EJECUTAR MES DE MAYO LÍNEA BASE 50 PERSONAS | W1: ACTIVIDAD 6 CHARLA TRATA DE PERSONAS ADULTOS COMUNIDADES EJE 1 CONATT EJECUTAR MES DE AGOSTO LÍNEA BASE 10 PARTICIPANTES | AA1: ACTIVIDAD 7 CHARLA PREVENCIÓN DEL FEMICIDIO Y DIVULGACION COMITES CLAIS PERSONAS ADULTAS EJE 6 PLANOVI EJECUTAR MES DE OCTUBRE LÍNEA BASE 15 | AE1: ACTIVIDAD 8 ESTRATEGIA DE COMUNICACIÓN EJE 1 PLANOVI PREVENCION DE LA VIOLENCIA CONTRA LAS MUJERES EJECUTAR MES DE MARZO LÍNEA BASE 100 PERSONAS | AI1: ACTIVIDAD 9 ESTRATEGIA DE COMUNICACIÓN EJE 2 PLANOVI MASCULINIDAD POR LA IGUALDAD EJECUTAR MES DE JUNIO LÍNEA BASE 100 PERSONAS | AM1: ACTIVIDAD 10 ESTRATEGIA DE COMUNICACIÓN EJE 5 PLANOVI PREVENCIÓN, ATENCIÓN INTEGRAL Y NO-REVICTIMIZACIÓN FRENTE A LA VIOLENCIA SEXUAL EJECUTAR MES DE SETIEMBRE LÍNEA BASE 100 PERSONAS | AQ1: ACTIVIDAD 11 ESTRATEGIA DE COMUNICACIÓN EJE 6 PLANOVI PREVENCIÓN DEL FEMICIDIO EJECUTAR MES DE NOVIEMBRE LÍNEA BASE 100 PERSONAS | AU1: ACTIVIDAD 12 ESTRATEGIA DE COMUNICACIÓN EJE 1 CONATT CONTRA LA TRATA DE PERSONAS EJECUTAR MES DE JULIO LÍNEA BASE 100 PERSONAS | AY1: ACTIVIDAD 13 ESTRATEGIA DE COMUNICACIÓN EJE 1 CONATT TRAFICO ILICITO PERSONAS MIGRANTES EJECUTAR MES DE DICIEMBRE LÍNEA BASE 100 PERSONAS | BC1: ACTIVIDAD 14 ESTRATEGIA DE COMUNICACIÓN JUSTICIA RESTAURATIVA EJECUTAR MES DE ABRIL 50% COMITÉS SEGURIDAD COMUNITARIA | BG1: ACTIVIDAD 15 ESTRATEGIA DE COMUNICACIÓN JUSTICIA RESTAURATIVA EJECUTAR MES DE ABRIL 50% COMERCIOS | BK1: ACTIVIDAD 16 REPRESENTACION INSTITUCIONAL REDES CONTRA LA VIOLENCIA INTRAFAMILIAR PLANOVI CANTIDAD DE PARTICIPACIÓN POR TRIMESTRE | BO1: ACTIVIDAD 17 REPRESENTACION INSTITUCIONAL SUBSISTEMA LOCAL NIÑEZ Y ADOLESCENCIA (PANI) CANTIDAD DE PARTICIPACIÓN POR TRIMESTRE | BS1: ACTIVIDAD 18 REPRESENTACION INSTITUCIONAL COMITÉ LOCAL CLAIS (PODER JUDICIAL-INAMU-FUERZA PUBLICA) CANTIDAD DE PARTICIPACIÓN POR TRIMESTRE
C2: PRIMER TRIMESTRE | D2: SEGUNDO TRIMESTRE | E2: TERCER TRIMESTRE | F2: CUARTO TRIMESTRE | G2: PRIMER TRIMESTRE | H2: SEGUNDO TRIMESTRE | I2: TERCER TRIMESTRE | J2: CUARTO TRIMESTRE | K2: PRIMER TRIMESTRE | L2: SEGUNDO TRIMESTRE | M2: TERCER TRIMESTRE | N2: CUARTO TRIMESTRE | O2: PRIMER TRIMESTRE | P2: SEGUNDO TRIMESTRE | Q2: TERCER TRIMESTRE | R2: CUARTO TRIMESTRE | S2: PRIMER TRIMESTRE | T2: SEGUNDO TRIMESTRE | U2: TERCER TRIMESTRE | V2: CUARTO TRIMESTRE | W2: PRIMER TRIMESTRE | X2: SEGUNDO TRIMESTRE | Y2: TERCER TRIMESTRE | Z2: CUARTO TRIMESTRE | AA2: PRIMER TRIMESTRE | AB2: SEGUNDO TRIMESTRE | AC2: TERCER TRIMESTRE | AD2: CUARTO TRIMESTRE | AE2: PRIMER TRIMESTRE | AF2: SEGUNDO TRIMESTRE | AG2: TERCER TRIMESTRE | AH2: CUARTO TRIMESTRE | AI2: PRIMER TRIMESTRE | AJ2: SEGUNDO TRIMESTRE | AK2: TERCER TRIMESTRE | AL2: CUARTO TRIMESTRE | AM2: PRIMER TRIMESTRE | AN2: SEGUNDO TRIMESTRE | AO2: TERCER TRIMESTRE | AP2: CUARTO TRIMESTRE | AQ2: PRIMER TRIMESTRE | AR2: SEGUNDO TRIMESTRE | AS2: TERCER TRIMESTRE | AT2: CUARTO TRIMESTRE | AU2: PRIMER TRIMESTRE | AV2: SEGUNDO TRIMESTRE | AW2: TERCER TRIMESTRE | AX2: CUARTO TRIMESTRE | AY2: PRIMER TRIMESTRE | AZ2: SEGUNDO TRIMESTRE | BA2: TERCER TRIMESTRE | BB2: CUARTO TRIMESTRE | BC2: PRIMER TRIMESTRE | BD2: SEGUNDO TRIMESTRE | BE2: TERCER TRIMESTRE | BF2: CUARTO TRIMESTRE | BG2: PRIMER TRIMESTRE | BH2: SEGUNDO TRIMESTRE | BI2: TERCER TRIMESTRE | BJ2: CUARTO TRIMESTRE | BK2: PRIMER TRIMESTRE | BL2: SEGUNDO TRIMESTRE | BM2: TERCER TRIMESTRE | BN2: CUARTO TRIMESTRE | BO2: PRIMER TRIMESTRE | BP2: SEGUNDO TRIMESTRE | BQ2: TERCER TRIMESTRE | BR2: CUARTO TRIMESTRE | BS2: PRIMER TRIMESTRE | BT2: SEGUNDO TRIMESTRE | BU2: TERCER TRIMESTRE | BV2: CUARTO TRIMESTRE
A3: REGION 3 CARTAGO | B3: D-37 CARTAGO | D3: 160 | L3: 160 | T3: 160 | AE3: 100 | AJ3: 0 | BD3: 1 | BH3: 1 | BK3: 1 | BL3: 4 | BO3: 1 | BP3: 1
B4: D-38 PARAISO | D4: 158 | L4: 153 | T4: 50 | AE4: 140 | AJ4: 0 | BD4: 1 | BH4: 1 | BK4: 2 | BL4: 2 | BO4: 3 | BP4: 2
B5: D-39 LA UNION | D5: 125 | L5: 100 | T5: 50 | AE5: 100 | AJ5: 0 | BD5: 1 | BH5: 1 | BK5: 1 | BL5: 1 | BO5: 1 | BP5: 1
B6: D-40 JIMENEZ | D6: 125 | L6: 100 | T6: 50 | AE6: 176 | AJ6: 0 | BD6: 1 | BH6: 1 | BL6: 3 | BO6: 1 | BP6: 1 | BS6: 1 | BT6: 1
B7: D-41 TURRIALBA | D7: 125 | L7: 100 | T7: 50 | AE7: 100 | AJ7: 0 | BD7: 1 | BH7: 1 | BK7: 3 | BL7: 1 | BO7: 2 | BP7: 1 | BS7: 1 | BT7: 1
B8: D-42 ALVARADO | D8: 100 | L8: 65 | T8: 58 | AE8: 100 | AJ8: 0 | BD8: 1 | BH8: 1 | BO8: 1 | BP8: 2
B9: D-43 OREAMUNO | D9: 128 | L9: 128 | T9: 128 | AE9: 100 | AJ9: 0 | BD9: 1 | BH9: 1 | BK9: 2 | BL9: 2 | BO9: 2 | BP9: 2
B10: D-44 EL GUARCO | D10: 125 | L10: 100 | T10: 50 | AE10: 100 | AJ10: 0 | BD10: 1 | BH10: 1 | BK10: 2 | BL10: 1 | BO10: 1 | BP10: 1
B11: D-45 TARRAZU | D11: 158 | L11: 129 | T11: 127 | AE11: 116 | AJ11: 0 | BD11: 1 | BH11: 1 | BK11: 1 | BL11: 1 | BO11: 1 | BP11: 2 | BT11: 0
B12: D-46 DOTA | D12: 125 | L12: 100 | T12: 50 | AE12: 150 | AJ12: 0 | BD12: 1 | BH12: 1 | BL12: 1 | BO12: 1 | BP12: 2 | BT12: 0
B13: D-47 LEON CORTES | D13: 179 | L13: 179 | T13: 86 | AE13: 187 | AJ13: 0 | BD13: 1 | BH13: 1 | BK13: 1 | BL13: 1 | BO13: 1 | BP13: 1 | BT13: 0
B14: D-48 GUADALUPE | D14: 161 | L14: 110 | T14: 70 | AE14: 100 | AJ14: 0 | BD14: 1 | BH14: 1
C15: =SUM(C3:C14) -> 0 | D15: =SUM(D3:D14) -> 1669 | E15: =SUM(E3:E14) -> 0 | F15: =SUM(F3:F14) -> 0 | G15: =SUM(G3:G14) -> 0 | H15: =SUM(H3:H14) -> 0 | I15: =SUM(I3:I14) -> 0 | J15: =SUM(J3:J14) -> 0 | ... BB15: =SUM(BB3:BB14) -> 0 | BD15: 1 | BH15: 1 | BK15: =SUM(BK3:BK14) -> 13 | BL15: =SUM(BL3:BL14) -> 17 | BM15: =SUM(BM3:BM14) -> 0 | BN15: =SUM(BN3:BN14) -> 0 | BO15: =SUM(BO3:BO14) -> 15 | BP15: =SUM(BP3:BP14) -> 16 | BQ15: =SUM(BQ3:BQ14) -> 0 | BR15: =SUM(BR3:BR14) -> 0 | ... BV15: =SUM(BV3:BV14) -> 0
B16: TOTAL | C16: =SUM(C15+D15+E15+F15) -> 1669 | G16: =SUM(G15+H15+I15+J15) -> 0 | K16: =SUM(K15+L15+M15+N15) -> 1424 | O16: =SUM(O15+P15+Q15+R15) -> 0 | S16: =SUM(S15+T15+U15+V15) -> 929 | W16: =SUM(W15+X15+Y15+Z15) -> 0 | AA16: =SUM(AA15+AB15+AC15+AD15) -> 0 | AE16: =SUM(AE15:AH15) -> 1469 | AI16: =SUM(AI15+AJ15+AK15+AL15) -> 0 | AM16: =SUM(AM15+AN15+AO15+AP15) -> 0 | AQ16: =SUM(AQ15+AR15+AS15+AT15) -> 0 | AU16: =SUM(AU15:AX15) -> 0 | AY16: =SUM(AY15:BB15) -> 0 | BC16: 1 | BG16: 1 | BK16: =SUM(BK15:BN15) -> 30 | BO16: =SUM(BO15:BR15) -> 31 | BS16: =SUM(BS15:BV15) -> 4

Sheet REGION 4 HEREDIA
A1: REGION | B1: DELEGACION POLICIAL | C1: ACTIVIDAD 1 CHARLA PREVENCIÓN DE LA VIOLENCIA EN RELACIONES DE PAREJA EJE 1 PLANOVI (JOVENES ADOLESCENTES) EJECUTAR MES DE MAYO LÍNEA BASE 100 PERSONAS | G1: ACTIVIDAD 2 CHARLA PREVENCIÓN DE LA VIOLENCIA DOMÉSTICA E INTRAFAMILIAR EJE 1 PLANOVI (PERSONAS ADULTAS) EJECUTAR MES DE AGOSTO LINEA BASE 25 PERSONAS | K1: ACTIVIDAD 3 CHARLA PREVENCIÓN DE LA MASCULINIDAD POR LA IGUALDAD EJE 2 PLANOVI (JOVENES Y ADOLESCENTES) EJECUTAR MES DE MAYO LÍNEA BASE 75 PERSONAS | O1: ACTIVIDAD 4 CHARLA PREVENCIÓN DE LA MASCULINIDAD POR LA IGUALDAD ADULTOS EJE 2 PLANOVI (COMUNIDAD) EJECUTAR MES DE AGOSTO LÍNEA BASE 15 PERSONAS | S1: ACTIVIDAD 5 CHARLA TRATA DE PERSONAS JOVENES ADOLESCENTES EJE 1 CONATT EJECUTAR MES DE MAYO LÍNEA BASE 50 PERSONAS | W1: ACTIVIDAD 6 CHARLA TRATA DE PERSONAS ADULTOS COMUNIDADES EJE 1 CONATT EJECUTAR MES DE AGOSTO LÍNEA BASE 10 PARTICIPANTES | AA1: ACTIVIDAD 7 CHARLA PREVENCIÓN DEL FEMICIDIO Y DIVULGACION COMITES CLAIS PERSONAS ADULTAS EJE 6 PLANOVI EJECUTAR MES DE OCTUBRE LÍNEA BASE 15 | AE1: ACTIVIDAD 8 ESTRATEGIA DE COMUNICACIÓN EJE 1 PLANOVI PREVENCION DE LA VIOLENCIA CONTRA LAS MUJERES EJECUTAR MES DE MARZO LÍNEA BASE 100 PERSONAS | AI1: ACTIVIDAD 9 ESTRATEGIA DE COMUNICACIÓN EJE 2 PLANOVI MASCULINIDAD POR LA IGUALDAD EJECUTAR MES DE JUNIO LÍNEA BASE 100 PERSONAS | AM1: ACTIVIDAD 10 ESTRATEGIA DE COMUNICACIÓN EJE 5 PLANOVI PREVENCIÓN, ATENCIÓN INTEGRAL Y NO-REVICTIMIZACIÓN FRENTE A LA VIOLENCIA SEXUAL EJECUTAR MES DE SETIEMBRE LÍNEA BASE 100 PERSONAS | AQ1: ACTIVIDAD 11 ESTRATEGIA DE COMUNICACIÓN EJE 6 PLANOVI PREVENCIÓN DEL FEMICIDIO EJECUTAR MES DE NOVIEMBRE LÍNEA BASE 100 PERSONAS | AU1: ACTIVIDAD 12 ESTRATEGIA DE COMUNICACIÓN EJE 1 CONATT CONTRA LA TRATA DE PERSONAS EJECUTAR MES DE JULIO LÍNEA BASE 100 PERSONAS | AY1: ACTIVIDAD 13 ESTRATEGIA DE COMUNICACIÓN EJE 1 CONATT TRAFICO ILICITO PERSONAS MIGRANTES EJECUTAR MES DE DICIEMBRE LÍNEA BASE 100 PERSONAS | BC1: ACTIVIDAD 14 ESTRATEGIA DE COMUNICACIÓN JUSTICIA RESTAURATIVA EJECUTAR MES DE ABRIL 50% COMITÉS SEGURIDAD COMUNITARIA | BG1: ACTIVIDAD 15 ESTRATEGIA DE COMUNICACIÓN JUSTICIA RESTAURATIVA EJECUTAR MES DE ABRIL 50% COMERCIOS | BK1: ACTIVIDAD 16 REPRESENTACION INSTITUCIONAL REDES CONTRA LA VIOLENCIA INTRAFAMILIAR PLANOVI CANTIDAD DE PARTICIPACIÓN POR TRIMESTRE | BO1: ACTIVIDAD 17 REPRESENTACION INSTITUCIONAL SUBSISTEMA LOCAL NIÑEZ Y ADOLESCENCIA (PANI) CANTIDAD DE PARTICIPACIÓN POR TRIMESTRE | BS1: ACTIVIDAD 18 REPRESENTACION INSTITUCIONAL COMITÉ LOCAL CLAIS (PODER JUDICIAL-INAMU-FUERZA PUBLICA) CANTIDAD DE PARTICIPACIÓN POR TRIMESTRE
C2: PRIMER TRIMESTRE | D2: SEGUNDO TRIMESTRE | E2: TERCER TRIMESTRE | F2: CUARTO TRIMESTRE | G2: PRIMER TRIMESTRE | H2: SEGUNDO TRIMESTRE | I2: TERCER TRIMESTRE | J2: CUARTO TRIMESTRE | K2: PRIMER TRIMESTRE | L2: SEGUNDO TRIMESTRE | M2: TERCER TRIMESTRE | N2: CUARTO TRIMESTRE | O2: PRIMER TRIMESTRE | P2: SEGUNDO TRIMESTRE | Q2: TERCER TRIMESTRE | R2: CUARTO TRIMESTRE | S2: PRIMER TRIMESTRE | T2: SEGUNDO TRIMESTRE | U2: TERCER TRIMESTRE | V2: CUARTO TRIMESTRE | W2: PRIMER TRIMESTRE | X2: SEGUNDO TRIMESTRE | Y2: TERCER TRIMESTRE | Z2: CUARTO TRIMESTRE | AA2: PRIMER TRIMESTRE | AB2: SEGUNDO TRIMESTRE | AC2: TERCER TRIMESTRE | AD2: CUARTO TRIMESTRE | AE2: PRIMER TRIMESTRE | AF2: SEGUNDO TRIMESTRE | AG2: TERCER TRIMESTRE | AH2: CUARTO TRIMESTRE | AI2: PRIMER TRIMESTRE | AJ2: SEGUNDO TRIMESTRE | AK2: TERCER TRIMESTRE | AL2: CUARTO TRIMESTRE | AM2: PRIMER TRIMESTRE | AN2: SEGUNDO TRIMESTRE | AO2: TERCER TRIMESTRE | AP2: CUARTO TRIMESTRE | AQ2: PRIMER TRIMESTRE | AR2: SEGUNDO TRIMESTRE | AS2: TERCER TRIMESTRE | AT2: CUARTO TRIMESTRE | AU2: PRIMER TRIMESTRE | AV2: SEGUNDO TRIMESTRE | AW2: TERCER TRIMESTRE | AX2: CUARTO TRIMESTRE | AY2: PRIMER TRIMESTRE | AZ2: SEGUNDO TRIMESTRE | BA2: TERCER TRIMESTRE | BB2: CUARTO TRIMESTRE | BC2: PRIMER TRIMESTRE | BD2: SEGUNDO TRIMESTRE | BE2: TERCER TRIMESTRE | BF2: CUARTO TRIMESTRE | BG2: PRIMER TRIMESTRE | BH2: SEGUNDO TRIMESTRE | BI2: TERCER TRIMESTRE | BJ2: CUARTO TRIMESTRE | BK2: PRIMER TRIMESTRE | BL2: SEGUNDO TRIMESTRE | BM2: TERCER TRIMESTRE | BN2: CUARTO TRIMESTRE | BO2: PRIMER TRIMESTRE | BP2: SEGUNDO TRIMESTRE | BQ2: TERCER TRIMESTRE | BR2: CUARTO TRIMESTRE | BS2: PRIMER TRIMESTRE | BT2: SEGUNDO TRIMESTRE | BU2: TERCER TRIMESTRE | BV2: CUARTO TRIMESTRE
A3: REGION 4 HEREDIA | B3: D-49 HEREDIA | D3: 291 | L3: 291 | T3: 291 | AE3: 544 | AJ3: 0 | BD3: 1 | BH3: 1 | BK3: 3 | BL3: 2 | BO3: 2 | BP3: 1 | BS3: 2 | BT3: 1
B4: D-50 BARVA | D4: 125 | L4: 113 | T4: 71 | AE4: 100 | AJ4: 0 | BD4: 1 | BH4: 1 | BL4: 0 | BO4: 2 | BP4: 1 | BT4: 1
B5: D-51 SANTO DOMINGO | D5: 125 | L5: 125 | T5: 125 | AE5: 124 | AJ5: 100 | BD5: 1 | BH5: 1 | BK5: 2 | BL5: 4 | BO5: 2 | BP5: 1
B6: D-52 SANTA BARBARA | D6: 332 | L6: 230 | T6: 260 | AE6: 128 | AJ6: 119 | BD6: 1 | BH6: 1 | BK6: 2 | BL6: 3 | BO6: 1 | BP6: 1 | BS6: 2
B7: D-53 SAN RAFAEL | D7: 125 | L7: 100 | T7: 60 | AE7: 160 | AJ7: 0 | BD7: 1 | BH7: 1 | BK7: 2 | BL7: 2 | BO7: 2 | BP7: 2
B8: D-54 SAN ISIDRO | D8: 206 | L8: 279 | T8: 254 | AE8: 560 | AJ8: 0 | BD8: 1 | BH8: 1 | BK8: 1 Justificación | BL8: 2 | BO8: 2 Justificación | BP8: 3
B9: D-55 BELEN | D9: 264 | L9: 266 | T9: 82 | AE9: 891 | AJ9: 0 | BD9: 1 | BH9: 1 | BK9: 2 | BL9: 2 | BO9: 1 | BP9: 2
B10: D-56 FLORES | D10: 125 | L10: 100 | T10: 50 | AE10: 156 | AJ10: 0 | BD10: 1 | BH10: 1 | BK10: 2 | BL10: 2 | BO10: 2 | BP10: 2
B11: D-57 SAN PABLO | D11: 125 | L11: 135 | T11: 132 | AE11: 1300 | AJ11: 0 | BD11: 1 | BH11: 1 | BK11: 2 | BL11: 3 | BO11: 2 | BP11: 3 | BS11: 1 | BT11: 2
C12: =SUM(C3:C11) -> 0 | D12: =SUM(D3:D11) -> 1718 | E12: =SUM(E3:E11) -> 0 | F12: =SUM(F3:F11) -> 0 | G12: =SUM(G3:G11) -> 0 | H12: =SUM(H3:H11) -> 0 | I12: =SUM(I3:I11) -> 0 | J12: =SUM(J3:J11) -> 0 | ... BC12: =SUM(BC3:BC11) -> 0 | BE12: =SUM(BE3:BE11) -> 0 | BF12: =SUM(BF3:BF11) -> 0 | BG12: =SUM(BG3:BG11) -> 0 | BI12: =SUM(BI3:BI11) -> 0 | BJ12: =SUM(BJ3:BJ11) -> 0 | BK12: =SUM(BK3:BK11) -> 15 | BL12: =SUM(BL3:BL11) -> 20 | BM12: =SUM(BM3:BM11) -> 0 | BN12: =SUM(BN3:BN11) -> 0 | BO12: =SUM(BO3:BO11) -> 14 | BP12: =SUM(BP3:BP11) -> 16 | ... BV12: =SUM(BV3:BV11) -> 0
B13: TOTAL | C13: =SUM(C12+D12+E12+F12) -> 1718 | G13: =SUM(G12+H12+I12+J12) -> 0 | K13: =SUM(K12+L12+M12+N12) -> 1639 | O13: =SUM(O12+P12+Q12+R12) -> 0 | S13: =SUM(S12+T12+U12+V12) -> 1325 | W13: =SUM(W12+X12+Y12+Z12) -> 0 | AA13: =SUM(AA12+AB12+AC12+AD12) -> 0 | AE13: =SUM(AE12:AH12) -> 3963 | AI13: =SUM(AI12+AJ12+AK12+AL12) -> 219 | AM13: =SUM(AM12+AN12+AO12+AP12) -> 0 | AQ13: =SUM(AQ12+AR12+AS12+AT12) -> 0 | AU13: =SUM(AU12:AX12) -> 0 | AY13: =SUM(AY12:BB12) -> 0 | BC13: =SUM(BC12:BF12) -> 0 | BG13: =SUM(BG12:BJ12) -> 0 | BK13: =SUM(BK12:BN12) -> 35 | BO13: =SUM(BO12:BR12) -> 30 | BS13: =SUM(BS12:BV12) -> 9

Sheet REGION 5 CHOROTEGA
A1: REGION | B1: DELEGACION POLICIAL | C1: ACTIVIDAD 1 CHARLA PREVENCIÓN DE LA VIOLENCIA EN RELACIONES DE PAREJA EJE 1 PLANOVI (JOVENES ADOLESCENTES) EJECUTAR MES DE MAYO LÍNEA BASE 125 PERSONAS | G1: ACTIVIDAD 2 CHARLA PREVENCIÓN DE LA VIOLENCIA DOMÉSTICA E INTRAFAMILIAR EJE 1 PLANOVI (PERSONAS ADULTAS) EJECUTAR MES DE AGOSTO LINEA BASE 25 PERSONAS | K1: ACTIVIDAD 3 CHARLA PREVENCIÓN DE LA MASCULINIDAD POR LA IGUALDAD EJE 2 PLANOVI (JOVENES Y ADOLESCENTES) EJECUTAR MES DE MAYO LÍNEA BASE 100 PERSONAS | O1: ACTIVIDAD 4 CHARLA PREVENCIÓN DE LA MASCULINIDAD POR LA IGUALDAD ADULTOS EJE 2 PLANOVI (COMUNIDAD) EJECUTAR MES DE AGOSTO LÍNEA BASE 15 PERSONAS | S1: ACTIVIDAD 5 CHARLA TRATA DE PERSONAS JOVENES ADOLESCENTES EJE 1 CONATT EJECUTAR MES DE MAYO LÍNEA BASE 50 PERSONAS | W1: ACTIVIDAD 6 CHARLA TRATA DE PERSONAS ADULTOS COMUNIDADES EJE 1 CONATT EJECUTAR MES DE AGOSTO LÍNEA BASE 10 PARTICIPANTES | AA1: ACTIVIDAD 7 CHARLA PREVENCIÓN DEL FEMICIDIO Y DIVULGACION COMITES CLAIS PERSONAS ADULTAS EJE 6 PLANOVI EJECUTAR MES DE OCTUBRE LÍNEA BASE 15 | AE1: ACTIVIDAD 8 ESTRATEGIA DE COMUNICACIÓN EJE 1 PLANOVI PREVENCION DE LA VIOLENCIA CONTRA LAS MUJERES EJECUTAR MES DE MARZO LÍNEA BASE 100 PERSONAS | AI1: ACTIVIDAD 9 ESTRATEGIA DE COMUNICACIÓN EJE 2 PLANOVI MASCULINIDAD POR LA IGUALDAD EJECUTAR MES DE JUNIO LÍNEA BASE 100 PERSONAS | AM1: ACTIVIDAD 10 ESTRATEGIA DE COMUNICACIÓN EJE 5 PLANOVI PREVENCIÓN, ATENCIÓN INTEGRAL Y NO-REVICTIMIZACIÓN FRENTE A LA VIOLENCIA SEXUAL EJECUTAR MES DE SETIEMBRE LÍNEA BASE 100 PERSONAS | AQ1: ACTIVIDAD 11 ESTRATEGIA DE COMUNICACIÓN EJE 6 PLANOVI PREVENCIÓN DEL FEMICIDIO EJECUTAR MES DE NOVIEMBRE LÍNEA BASE 100 PERSONAS | AU1: ACTIVIDAD 12 ESTRATEGIA DE COMUNICACIÓN EJE 1 CONATT CONTRA LA TRATA DE PERSONAS EJECUTAR MES DE JULIO LÍNEA BASE 100 PERSONAS | AY1: ACTIVIDAD 13 ESTRATEGIA DE COMUNICACIÓN EJE 1 CONATT TRAFICO ILICITO PERSONAS MIGRANTES EJECUTAR MES DE DICIEMBRE LÍNEA BASE 100 PERSONAS | BC1: ACTIVIDAD 14 ESTRATEGIA DE COMUNICACIÓN JUSTICIA RESTAURATIVA EJECUTAR MES DE ABRIL 50% COMITÉS SEGURIDAD COMUNITARIA | BG1: ACTIVIDAD 15 ESTRATEGIA DE COMUNICACIÓN JUSTICIA RESTAURATIVA EJECUTAR MES DE ABRIL 50% COMERCIOS | BK1: ACTIVIDAD 16 REPRESENTACION INSTITUCIONAL REDES CONTRA LA VIOLENCIA INTRAFAMILIAR PLANOVI CANTIDAD DE PARTICIPACIÓN POR TRIMESTRE | BO1: ACTIVIDAD 17 REPRESENTACION INSTITUCIONAL SUBSISTEMA LOCAL NIÑEZ Y ADOLESCENCIA (PANI) CANTIDAD DE PARTICIPACIÓN POR TRIMESTRE | BS1: ACTIVIDAD 18 REPRESENTACION INSTITUCIONAL COMITÉ LOCAL CLAIS (PODER JUDICIAL-INAMU-FUERZA PUBLICA) CANTIDAD DE PARTICIPACIÓN POR TRIMESTRE
C2: PRIMER TRIMESTRE | D2: SEGUNDO TRIMESTRE | E2: TERCER TRIMESTRE | F2: CUARTO TRIMESTRE | G2: PRIMER TRIMESTRE | H2: SEGUNDO TRIMESTRE | I2: TERCER TRIMESTRE | J2: CUARTO TRIMESTRE | K2: PRIMER TRIMESTRE | L2: SEGUNDO TRIMESTRE | M2: TERCER TRIMESTRE | N2: CUARTO TRIMESTRE | O2: PRIMER TRIMESTRE | P2: SEGUNDO TRIMESTRE | Q2: TERCER TRIMESTRE | R2: CUARTO TRIMESTRE | S2: PRIMER TRIMESTRE | T2: SEGUNDO TRIMESTRE | U2: TERCER TRIMESTRE | V2: CUARTO TRIMESTRE | W2: PRIMER TRIMESTRE | X2: SEGUNDO TRIMESTRE | Y2: TERCER TRIMESTRE | Z2: CUARTO TRIMESTRE | AA2: PRIMER TRIMESTRE | AB2: SEGUNDO TRIMESTRE | AC2: TERCER TRIMESTRE | AD2: CUARTO TRIMESTRE | AE2: PRIMER TRIMESTRE | AF2: SEGUNDO TRIMESTRE | AG2: TERCER TRIMESTRE | AH2: CUARTO TRIMESTRE | AI2: PRIMER TRIMESTRE | AJ2: SEGUNDO TRIMESTRE | AK2: TERCER TRIMESTRE | AL2: CUARTO TRIMESTRE | AM2: PRIMER TRIMESTRE | AN2: SEGUNDO TRIMESTRE | AO2: TERCER TRIMESTRE | AP2: CUARTO TRIMESTRE | AQ2: PRIMER TRIMESTRE | AR2: SEGUNDO TRIMESTRE | AS2: TERCER TRIMESTRE | AT2: CUARTO TRIMESTRE | AU2: PRIMER TRIMESTRE | AV2: SEGUNDO TRIMESTRE | AW2: TERCER TRIMESTRE | AX2: CUARTO TRIMESTRE | AY2: PRIMER TRIMESTRE | AZ2: SEGUNDO TRIMESTRE | BA2: TERCER TRIMESTRE | BB2: CUARTO TRIMESTRE | BC2: PRIMER TRIMESTRE | BD2: SEGUNDO TRIMESTRE | BE2: TERCER TRIMESTRE | BF2: CUARTO TRIMESTRE | BG2: PRIMER TRIMESTRE | BH2: SEGUNDO TRIMESTRE | BI2: TERCER TRIMESTRE | BJ2: CUARTO TRIMESTRE | BK2: PRIMER TRIMESTRE | BL2: SEGUNDO TRIMESTRE | BM2: TERCER TRIMESTRE | BN2: CUARTO TRIMESTRE | BO2: PRIMER TRIMESTRE | BP2: SEGUNDO TRIMESTRE | BQ2: TERCER TRIMESTRE | BR2: CUARTO TRIMESTRE | BS2: PRIMER TRIMESTRE | BT2: SEGUNDO TRIMESTRE | BU2: TERCER TRIMESTRE | BV2: CUARTO TRIMESTRE
A3: REGION 5 CHOROTEGA | B3: D-60 LIBERIA | D3: 150 | L3: 100 | T3: 80 | AE3: 1560 | AJ3: 0 | BD3: 1 | BH3: 1 | BK3: 3 | BL3: 3 | BO3: 2 | BP3: 1 | BT3: 1
B4: D-61 NICOYA | D4: 125 | L4: 100 | T4: 50 | AE4: 995 | AJ4: 886 | BD4: 1 | BH4: 1 | BK4: 2 | BL4: 3 | BO4: 2 | BP4: 2 | BT4: 2
B5: D-62 SANTA CRUZ | D5: 125 | L5: 100 | T5: 50 | AE5: 476 | AJ5: 301 | BD5: 1 | BH5: 1 | BK5: 1 | BL5: 3 | BP5: 0 | BS5: 1 | BT5: 3
B6: D-63 BAGACES | D6: 125 | L6: 100 | T6: 50 | AE6: 190 | AJ6: 0 | BD6: 1 | BH6: 1 | BK6: 2 | BL6: 2 | BO6: 2 | BP6: 2
B7: D-64 CARRILLO | D7: 127 | L7: 105 | T7: 60 | AE7: 115 | AJ7: 0 | BD7: 1 | BH7: 1 | BL7: 1 | BP7: 0
B8: D-65 CAÑAS | D8: 124 | L8: 123 | T8: 104 | AE8: 500 | AJ8: 0 | BD8: 1 | BH8: 1 | BK8: 1 | BL8: 3 | BO8: 1 | BP8: 3 | BS8: 2 | BT8: 3
B9: D-66 ABANGARES | D9: 125 | L9: 136 | T9: 50 | AE9: 354 | AJ9: 0 | BD9: 1 | BH9: 1 | BK9: 2 | BL9: 2 | BO9: 2 | BP9: 3
B10: D-67 TILARAN | D10: 125 | L10: 100 | T10: 50 | AE10: 105 | AJ10: 100 | BD10: 1 | BH10: 1 | BK10: 1 | BL10: 2 | BP10: 0
B11: D-68 NANDAYURE | D11: 173 | L11: 189 | T11: 64 | AE11: 105 | AJ11: 0 | BD11: 1 | BH11: 1 | BK11: 1 | BL11: 3 | BO11: 1 | BP11: 3
B12: D-69 HOJANCHA | D12: 125 | L12: 100 | T12: 50 | AE12: 100 | AJ12: 0 | BD12: 1 | BH12: 1 | BK12: 1 | BL12: 2 | BO12: 1 | BP12: 3
B13: D-70 LA CRUZ | D13: 129 | L13: 100 | T13: 95 | AE13: 504 | AJ13: 0 | BD13: 1 | BH13: 1 | BK13: 1 | BL13: 2 | BO13: 1 | BP13: 2 | BS13: 1 | BT13: 2
C14: =SUM(C3:C13) -> 0 | D14: =SUM(D3:D13) -> 1453 | E14: =SUM(E3:E13) -> 0 | F14: =SUM(F3:F13) -> 0 | G14: =SUM(G3:G13) -> 0 | H14: =SUM(H3:H13) -> 0 | I14: =SUM(I3:I13) -> 0 | J14: =SUM(J3:J13) -> 0 | ... BC14: =SUM(BC3:BC13) -> 0 | BD14: 1 | BE14: =SUM(BE3:BE13) -> 0 | BF14: =SUM(BF3:BF13) -> 0 | BG14: =SUM(BG3:BG13) -> 0 | BH14: 1 | BI14: =SUM(BI3:BI13) -> 0 | BJ14: =SUM(BJ3:BJ13) -> 0 | BK14: =SUM(BK3:BK13) -> 15 | BL14: =SUM(BL3:BL13) -> 26 | BM14: =SUM(BM3:BM13) -> 0 | BN14: =SUM(BN3:BN13) -> 0 | BO14: =SUM(BO3:BO13) -> 12 | BP14: =SUM(BP3:BP13) -> 19 | ... BV14: =SUM(BV3:BV13) -> 0
B15: TOTAL | C15: =SUM(C14+D14+E14+F14) -> 1453 | G15: =SUM(G14+H14+I14+J14) -> 0 | K15: =SUM(K14+L14+M14+N14) -> 1253 | O15: =SUM(O14+P14+Q14+R14) -> 0 | S15: =SUM(S14+T14+U14+V14) -> 703 | W15: =SUM(W14+X14+Y14+Z14) -> 0 | AA15: =SUM(AA14+AB14+AC14+AD14) -> 0 | AE15: =SUM(AE14:AH14) -> 5004 | AI15: =SUM(AI14+AJ14+AK14+AL14) -> 1287 | AM15: =SUM(AM14+AN14+AO14+AP14) -> 0 | AQ15: =SUM(AQ14+AR14+AS14+AT14) -> 0 | AU15: =SUM(AU14:AX14) -> 0 | AY15: =SUM(AY14:BB14) -> 0 | BC15: 1 | BG15: 1 | BK15: =SUM(BK14:BN14) -> 41 | BO15: =SUM(BO14:BR14) -> 31 | BS15: =SUM(BS14:BV14) -> 15

Sheet REGION 6 PAC CENTRAL
A1: REGION | B1: DELEGACION POLICIAL | C1: ACTIVIDAD 1 CHARLA PREVENCIÓN DE LA VIOLENCIA EN RELACIONES DE PAREJA EJE 1 PLANOVI (JOVENES ADOLESCENTES) EJECUTAR MES DE MAYO LÍNEA BASE 100 PERSONAS | G1: ACTIVIDAD 2 CHARLA PREVENCIÓN DE LA VIOLENCIA DOMÉSTICA E INTRAFAMILIAR EJE 1 PLANOVI (PERSONAS ADULTAS) EJECUTAR MES DE AGOSTO LINEA BASE 25 PERSONAS | K1: ACTIVIDAD 3 CHARLA PREVENCIÓN DE LA MASCULINIDAD POR LA IGUALDAD EJE 2 PLANOVI (JOVENES Y ADOLESCENTES) EJECUTAR MES DE MAYO LÍNEA BASE 75 PERSONAS | O1: ACTIVIDAD 4 CHARLA PREVENCIÓN DE LA MASCULINIDAD POR LA IGUALDAD ADULTOS EJE 2 PLANOVI (COMUNIDAD) EJECUTAR MES DE AGOSTO LÍNEA BASE 15 PERSONAS | S1: ACTIVIDAD 5 CHARLA TRATA DE PERSONAS JOVENES ADOLESCENTES EJE 1 CONATT EJECUTAR MES DE MAYO LÍNEA BASE 50 PERSONAS | W1: ACTIVIDAD 6 CHARLA TRATA DE PERSONAS ADULTOS COMUNIDADES EJE 1 CONATT EJECUTAR MES DE AGOSTO LÍNEA BASE 10 PARTICIPANTES | AA1: ACTIVIDAD 7 CHARLA PREVENCIÓN DEL FEMICIDIO Y DIVULGACION COMITES CLAIS PERSONAS ADULTAS EJE 6 PLANOVI EJECUTAR MES DE OCTUBRE LÍNEA BASE 15 | AE1: ACTIVIDAD 8 ESTRATEGIA DE COMUNICACIÓN EJE 1 PLANOVI PREVENCION DE LA VIOLENCIA CONTRA LAS MUJERES EJECUTAR MES DE MARZO LÍNEA BASE 100 PERSONAS | AI1: ACTIVIDAD 9 ESTRATEGIA DE COMUNICACIÓN EJE 2 PLANOVI MASCULINIDAD POR LA IGUALDAD EJECUTAR MES DE JUNIO LÍNEA BASE 100 PERSONAS | AM1: ACTIVIDAD 10 ESTRATEGIA DE COMUNICACIÓN EJE 5 PLANOVI PREVENCIÓN, ATENCIÓN INTEGRAL Y NO-REVICTIMIZACIÓN FRENTE A LA VIOLENCIA SEXUAL EJECUTAR MES DE SETIEMBRE LÍNEA BASE 100 PERSONAS | AQ1: ACTIVIDAD 11 ESTRATEGIA DE COMUNICACIÓN EJE 6 PLANOVI PREVENCIÓN DEL FEMICIDIO EJECUTAR MES DE NOVIEMBRE LÍNEA BASE 100 PERSONAS | AU1: ACTIVIDAD 12 ESTRATEGIA DE COMUNICACIÓN EJE 1 CONATT CONTRA LA TRATA DE PERSONAS EJECUTAR MES DE JULIO LÍNEA BASE 100 PERSONAS | AY1: ACTIVIDAD 13 ESTRATEGIA DE COMUNICACIÓN EJE 1 CONATT TRAFICO ILICITO PERSONAS MIGRANTES EJECUTAR MES DE DICIEMBRE LÍNEA BASE 100 PERSONAS | BC1: ACTIVIDAD 14 ESTRATEGIA DE COMUNICACIÓN JUSTICIA RESTAURATIVA EJECUTAR MES DE ABRIL 50% COMITÉS SEGURIDAD COMUNITARIA | BG1: ACTIVIDAD 15 ESTRATEGIA DE COMUNICACIÓN JUSTICIA RESTAURATIVA EJECUTAR MES DE ABRIL 50% COMERCIOS | BK1: ACTIVIDAD 16 REPRESENTACION INSTITUCIONAL REDES CONTRA LA VIOLENCIA INTRAFAMILIAR PLANOVI CANTIDAD DE PARTICIPACIÓN POR TRIMESTRE | BO1: ACTIVIDAD 17 REPRESENTACION INSTITUCIONAL SUBSISTEMA LOCAL NIÑEZ Y ADOLESCENCIA (PANI) CANTIDAD DE PARTICIPACIÓN POR TRIMESTRE | BS1: ACTIVIDAD 18 REPRESENTACION INSTITUCIONAL COMITÉ LOCAL CLAIS (PODER JUDICIAL-INAMU-FUERZA PUBLICA) CANTIDAD DE PARTICIPACIÓN POR TRIMESTRE
C2: PRIMER TRIMESTRE | D2: SEGUNDO TRIMESTRE | E2: TERCER TRIMESTRE | F2: CUARTO TRIMESTRE | G2: PRIMER TRIMESTRE | H2: SEGUNDO TRIMESTRE | I2: TERCER TRIMESTRE | J2: CUARTO TRIMESTRE | K2: PRIMER TRIMESTRE | L2: SEGUNDO TRIMESTRE | M2: TERCER TRIMESTRE | N2: CUARTO TRIMESTRE | O2: PRIMER TRIMESTRE | P2: SEGUNDO TRIMESTRE | Q2: TERCER TRIMESTRE | R2: CUARTO TRIMESTRE | S2: PRIMER TRIMESTRE | T2: SEGUNDO TRIMESTRE | U2: TERCER TRIMESTRE | V2: CUARTO TRIMESTRE | W2: PRIMER TRIMESTRE | X2: SEGUNDO TRIMESTRE | Y2: TERCER TRIMESTRE | Z2: CUARTO TRIMESTRE | AA2: PRIMER TRIMESTRE | AB2: SEGUNDO TRIMESTRE | AC2: TERCER TRIMESTRE | AD2: CUARTO TRIMESTRE | AE2: PRIMER TRIMESTRE | AF2: SEGUNDO TRIMESTRE | AG2: TERCER TRIMESTRE | AH2: CUARTO TRIMESTRE | AI2: PRIMER TRIMESTRE | AJ2: SEGUNDO TRIMESTRE | AK2: TERCER TRIMESTRE | AL2: CUARTO TRIMESTRE | AM2: PRIMER TRIMESTRE | AN2: SEGUNDO TRIMESTRE | AO2: TERCER TRIMESTRE | AP2: CUARTO TRIMESTRE | AQ2: PRIMER TRIMESTRE | AR2: SEGUNDO TRIMESTRE | AS2: TERCER TRIMESTRE | AT2: CUARTO TRIMESTRE | AU2: PRIMER TRIMESTRE | AV2: SEGUNDO TRIMESTRE | AW2: TERCER TRIMESTRE | AX2: CUARTO TRIMESTRE | AY2: PRIMER TRIMESTRE | AZ2: SEGUNDO TRIMESTRE | BA2: TERCER TRIMESTRE | BB2: CUARTO TRIMESTRE | BC2: PRIMER TRIMESTRE | BD2: SEGUNDO TRIMESTRE | BE2: TERCER TRIMESTRE | BF2: CUARTO TRIMESTRE | BG2: PRIMER TRIMESTRE | BH2: SEGUNDO TRIMESTRE | BI2: TERCER TRIMESTRE | BJ2: CUARTO TRIMESTRE | BK2: PRIMER TRIMESTRE | BL2: SEGUNDO TRIMESTRE | BM2: TERCER TRIMESTRE | BN2: CUARTO TRIMESTRE | BO2: PRIMER TRIMESTRE | BP2: SEGUNDO TRIMESTRE | BQ2: TERCER TRIMESTRE | BR2: CUARTO TRIMESTRE | BS2: PRIMER TRIMESTRE | BT2: SEGUNDO TRIMESTRE | BU2: TERCER TRIMESTRE | BV2: CUARTO TRIMESTRE
A3: REION 6 PACIFICO CENTRAL | B3: D-71 PUNTARENAS | D3: 185 | L3: 158 | T3: 78 | AE3: 301 | AJ3: 0 | BD3: 1 | BH3: 1 | BK3: 1 | BL3: 0 | BO3: 2 | BP3: 0 | BS3: 1 | BT3: 1
B4: D-72 ESPARZA | D4: 131 | L4: 100 | T4: 50 | AE4: 119 | AJ4: 0 | BD4: 1 | BH4: 1 | BK4: 2 | BL4: 2 | BO4: 2 | BP4: 2
B5: D-73 MONTES DE ORO | D5: 125 | L5: 103 | T5: 53 | AE5: 100 | AJ5: 301 | BD5: 1 | BH5: 1 | BK5: 2 | BL5: 0 | BO5: 2 | BP5: 0
B6: D-74 QUEPOS | D6: 170 | L6: 128 | T6: 166 | AE6: 100 | AJ6: 0 | BD6: 1 | BH6: 1 | BK6: 1 | BL6: 2 | BP6: 2 | BS6: 1 | BT6: 1
B7: D-75 PARRITA | D7: 150 | L7: 100 | T7: 60 | AE7: 100 | AJ7: 0 | BD7: 1 | BH7: 1 | BL7: 1 | BO7: 1 | BP7: 1 | BS7: 1 | BT7: 1
B8: D-76 GARABITO | D8: 243 | L8: 141 | T8: 108 | AE8: 135 | AJ8: 0 | BD8: 1 | BH8: 1 | BK8: 1 | BL8: 1 | BO8: 1 | BP8: 1 | BS8: 1 | BT8: 1
B9: D-77 PAQUERA | D9: 136 | L9: Justificacion | T9: 68 | AE9: 157 | AJ9: 0 | BD9: 1 | BH9: 1 | BK9: 1 | BL9: 1 | BO9: 2 | BP9: 1
B10: D-78 JUDAS DE CHOMES | D10: 140 | L10: 140 | T10: 140 | AE10: 226 | AJ10: 0 | BD10: 1 | BH10: 1 | BL10: 0 | BP10: 0
C11: =SUM(C3:C10) -> 0 | D11: =SUM(D3:D10) -> 1280 | E11: =SUM(E3:E10) -> 0 | F11: =SUM(F3:F10) -> 0 | G11: =SUM(G3:G10) -> 0 | H11: =SUM(H3:H10) -> 0 | I11: =SUM(I3:I10) -> 0 | J11: =SUM(J3:J10) -> 0 | ... BB11: =SUM(BB3:BB10) -> 0 | BK11: =SUM(BK3:BK10) -> 8 | BL11: =SUM(BL3:BL10) -> 7 | BM11: =SUM(BM3:BM10) -> 0 | BN11: =SUM(BN3:BN10) -> 0 | BO11: =SUM(BO3:BO10) -> 10 | BP11: =SUM(BP3:BP10) -> 7 | BQ11: =SUM(BQ3:BQ10) -> 0 | BR11: =SUM(BR3:BR10) -> 0 | ... BV11: =SUM(BV3:BV10) -> 0
B12: TOTAL | C12: =SUM(C11+D11+E11+F11) -> 1280 | G12: =SUM(G11+H11+I11+J11) -> 0 | K12: =SUM(K11+L11+M11+N11) -> 870 | O12: =SUM(O11+P11+Q11+R11) -> 0 | S12: =SUM(S11+T11+U11+V11) -> 723 | W12: =SUM(W11+X11+Y11+Z11) -> 0 | AA12: =SUM(AA11+AB11+AC11+AD11) -> 0 | AE12: =SUM(AE11:AH11) -> 1238 | AI12: =SUM(AI11+AJ11+AK11+AL11) -> 301 | AM12: =SUM(AM11+AN11+AO11+AP11) -> 0 | AQ12: =SUM(AQ11+AR11+AS11+AT11) -> 0 | AU12: =SUM(AU11:AX11) -> 0 | AY12: =SUM(AY11:BB11) -> 0 | BC12: 1 | BG12: 1 | BK12: =SUM(BK11:BN11) -> 15 | BO12: =SUM(BO11:BR11) -> 17 | BS12: =SUM(BS11:BV11) -> 8

Sheet REGION 7 BRUNCA
A1: REGION | B1: DELEGACION POLICIAL | C1: ACTIVIDAD 1 CHARLA PREVENCIÓN DE LA VIOLENCIA EN RELACIONES DE PAREJA EJE 1 PLANOVI (JOVENES ADOLESCENTES) EJECUTAR MES DE MAYO LÍNEA BASE 100 PERSONAS | G1: ACTIVIDAD 2 CHARLA PREVENCIÓN DE LA VIOLENCIA DOMÉSTICA E INTRAFAMILIAR EJE 1 PLANOVI (PERSONAS ADULTAS) EJECUTAR MES DE AGOSTO LINEA BASE 25 PERSONAS | K1: ACTIVIDAD 3 CHARLA PREVENCIÓN DE LA MASCULINIDAD POR LA IGUALDAD EJE 2 PLANOVI (JOVENES Y ADOLESCENTES) EJECUTAR MES DE MAYO LÍNEA BASE 75 PERSONAS | O1: ACTIVIDAD 4 CHARLA PREVENCIÓN DE LA MASCULINIDAD POR LA IGUALDAD ADULTOS EJE 2 PLANOVI (COMUNIDAD) EJECUTAR MES DE AGOSTO LÍNEA BASE 15 PERSONAS | S1: ACTIVIDAD 5 CHARLA TRATA DE PERSONAS JOVENES ADOLESCENTES EJE 1 CONATT EJECUTAR MES DE MAYO LÍNEA BASE 50 PERSONAS | W1: ACTIVIDAD 6 CHARLA TRATA DE PERSONAS ADULTOS COMUNIDADES EJE 1 CONATT EJECUTAR MES DE AGOSTO LÍNEA BASE 10 PARTICIPANTES | AA1: ACTIVIDAD 7 CHARLA PREVENCIÓN DEL FEMICIDIO Y DIVULGACION COMITES CLAIS PERSONAS ADULTAS EJE 6 PLANOVI EJECUTAR MES DE OCTUBRE LÍNEA BASE 15 | AE1: ACTIVIDAD 8 ESTRATEGIA DE COMUNICACIÓN EJE 1 PLANOVI PREVENCION DE LA VIOLENCIA CONTRA LAS MUJERES EJECUTAR MES DE MARZO LÍNEA BASE 100 PERSONAS | AI1: ACTIVIDAD 9 ESTRATEGIA DE COMUNICACIÓN EJE 2 PLANOVI MASCULINIDAD POR LA IGUALDAD EJECUTAR MES DE JUNIO LÍNEA BASE 100 PERSONAS | AM1: ACTIVIDAD 10 ESTRATEGIA DE COMUNICACIÓN EJE 5 PLANOVI PREVENCIÓN, ATENCIÓN INTEGRAL Y NO-REVICTIMIZACIÓN FRENTE A LA VIOLENCIA SEXUAL EJECUTAR MES DE SETIEMBRE LÍNEA BASE 100 PERSONAS | AQ1: ACTIVIDAD 11 ESTRATEGIA DE COMUNICACIÓN EJE 6 PLANOVI PREVENCIÓN DEL FEMICIDIO EJECUTAR MES DE NOVIEMBRE LÍNEA BASE 100 PERSONAS | AU1: ACTIVIDAD 12 ESTRATEGIA DE COMUNICACIÓN EJE 1 CONATT CONTRA LA TRATA DE PERSONAS EJECUTAR MES DE JULIO LÍNEA BASE 100 PERSONAS | AY1: ACTIVIDAD 13 ESTRATEGIA DE COMUNICACIÓN EJE 1 CONATT TRAFICO ILICITO PERSONAS MIGRANTES EJECUTAR MES DE DICIEMBRE LÍNEA BASE 100 PERSONAS | BC1: ACTIVIDAD 14 ESTRATEGIA DE COMUNICACIÓN JUSTICIA RESTAURATIVA EJECUTAR MES DE ABRIL 50% COMITÉS SEGURIDAD COMUNITARIA | BG1: ACTIVIDAD 15 ESTRATEGIA DE COMUNICACIÓN JUSTICIA RESTAURATIVA EJECUTAR MES DE ABRIL 50% COMERCIOS | BK1: ACTIVIDAD 16 REPRESENTACION INSTITUCIONAL REDES CONTRA LA VIOLENCIA INTRAFAMILIAR PLANOVI CANTIDAD DE PARTICIPACIÓN POR TRIMESTRE | BO1: ACTIVIDAD 17 REPRESENTACION INSTITUCIONAL SUBSISTEMA LOCAL NIÑEZ Y ADOLESCENCIA (PANI) CANTIDAD DE PARTICIPACIÓN POR TRIMESTRE | BS1: ACTIVIDAD 18 REPRESENTACION INSTITUCIONAL COMITÉ LOCAL CLAIS (PODER JUDICIAL-INAMU-FUERZA PUBLICA) CANTIDAD DE PARTICIPACIÓN POR TRIMESTRE
C2: PRIMER TRIMESTRE | D2: SEGUNDO TRIMESTRE | E2: TERCER TRIMESTRE | F2: CUARTO TRIMESTRE | G2: PRIMER TRIMESTRE | H2: SEGUNDO TRIMESTRE | I2: TERCER TRIMESTRE | J2: CUARTO TRIMESTRE | K2: PRIMER TRIMESTRE | L2: SEGUNDO TRIMESTRE | M2: TERCER TRIMESTRE | N2: CUARTO TRIMESTRE | O2: PRIMER TRIMESTRE | P2: SEGUNDO TRIMESTRE | Q2: TERCER TRIMESTRE | R2: CUARTO TRIMESTRE | S2: PRIMER TRIMESTRE | T2: SEGUNDO TRIMESTRE | U2: TERCER TRIMESTRE | V2: CUARTO TRIMESTRE | W2: PRIMER TRIMESTRE | X2: SEGUNDO TRIMESTRE | Y2: TERCER TRIMESTRE | Z2: CUARTO TRIMESTRE | AA2: PRIMER TRIMESTRE | AB2: SEGUNDO TRIMESTRE | AC2: TERCER TRIMESTRE | AD2: CUARTO TRIMESTRE | AE2: PRIMER TRIMESTRE | AF2: SEGUNDO TRIMESTRE | AG2: TERCER TRIMESTRE | AH2: CUARTO TRIMESTRE | AI2: PRIMER TRIMESTRE | AJ2: SEGUNDO TRIMESTRE | AK2: TERCER TRIMESTRE | AL2: CUARTO TRIMESTRE | AM2: PRIMER TRIMESTRE | AN2: SEGUNDO TRIMESTRE | AO2: TERCER TRIMESTRE | AP2: CUARTO TRIMESTRE | AQ2: PRIMER TRIMESTRE | AR2: SEGUNDO TRIMESTRE | AS2: TERCER TRIMESTRE | AT2: CUARTO TRIMESTRE | AU2: PRIMER TRIMESTRE | AV2: SEGUNDO TRIMESTRE | AW2: TERCER TRIMESTRE | AX2: CUARTO TRIMESTRE | AY2: PRIMER TRIMESTRE | AZ2: SEGUNDO TRIMESTRE | BA2: TERCER TRIMESTRE | BB2: CUARTO TRIMESTRE | BC2: PRIMER TRIMESTRE | BD2: SEGUNDO TRIMESTRE | BE2: TERCER TRIMESTRE | BF2: CUARTO TRIMESTRE | BG2: PRIMER TRIMESTRE | BH2: SEGUNDO TRIMESTRE | BI2: TERCER TRIMESTRE | BJ2: CUARTO TRIMESTRE | BK2: PRIMER TRIMESTRE | BL2: SEGUNDO TRIMESTRE | BM2: TERCER TRIMESTRE | BN2: CUARTO TRIMESTRE | BO2: PRIMER TRIMESTRE | BP2: SEGUNDO TRIMESTRE | BQ2: TERCER TRIMESTRE | BR2: CUARTO TRIMESTRE | BS2: PRIMER TRIMESTRE | BT2: SEGUNDO TRIMESTRE | BU2: TERCER TRIMESTRE | BV2: CUARTO TRIMESTRE
A3: REGION 7 BRUNCA | B3: D-79 PEREZ ZELEDON | D3: 150 | L3: 109 | T3: 67 | AE3: 150 | AJ3: 0 | BD3: 1 | BH3: 1 | BK3: 5 | BL3: 2 | BO3: 1 | BP3: 2 | BS3: 1 | BT3: 2
B4: D-80 BUENOS AIRES | D4: 185 | L4: 100 | T4: 100 | AE4: 110 | AJ4: 0 | BD4: 1 | BH4: 1 | BK4: 3 | BL4: 1 | BO4: 2 | BP4: 2
B5: D-81 OSA | D5: 180 | L5: 110 | T5: 51 | AE5: 148 | AJ5: 0 | BD5: 1 | BH5: 1 | BK5: 2 | BL5: 2 | BO5: 3 | BP5: 2
C6: =SUM(C3:C5) -> 0 | D6: =SUM(D3:D5) -> 515 | E6: =SUM(E3:E5) -> 0 | F6: =SUM(F3:F5) -> 0 | G6: =SUM(G3:G5) -> 0 | H6: =SUM(H3:H5) -> 0 | I6: =SUM(I3:I5) -> 0 | J6: =SUM(J3:J5) -> 0 | ... BB6: =SUM(BB3:BB5) -> 0 | BK6: =SUM(BK3:BK5) -> 10 | BL6: =SUM(BL3:BL5) -> 5 | BM6: =SUM(BM3:BM5) -> 0 | BN6: =SUM(BN3:BN5) -> 0 | BO6: =SUM(BO3:BO5) -> 6 | BP6: =SUM(BP3:BP5) -> 6 | BQ6: =SUM(BQ3:BQ5) -> 0 | BR6: =SUM(BR3:BR5) -> 0 | ... BV6: =SUM(BV3:BV5) -> 0
B7: TOTAL | C7: =SUM(C6+D6+E6+F6) -> 515 | G7: =SUM(G6+H6+I6+J6) -> 0 | K7: =SUM(K6+L6+M6+N6) -> 319 | O7: =SUM(O6+P6+Q6+R6) -> 0 | S7: =SUM(S6+T6+U6+V6) -> 218 | W7: =SUM(W6+X6+Y6+Z6) -> 0 | AA7: =SUM(AA6+AB6+AC6+AD6) -> 0 | AE7: =SUM(AE6:AH6) -> 408 | AI7: =SUM(AI6+AJ6+AK6+AL6) -> 0 | AM7: =SUM(AM6+AN6+AO6+AP6) -> 0 | AQ7: =SUM(AQ6+AR6+AS6+AT6) -> 0 | AU7: =SUM(AU6:AX6) -> 0 | AY7: =SUM(AY6:BB6) -> 0 | BC7: 1 | BG7: 1 | BK7: =SUM(BK6:BN6) -> 15 | BO7: =SUM(BO6:BR6) -> 12 | BS7: =SUM(BS6:BV6) -> 3

Sheet REGION 8 HUETAR NORTE
A1: REGION | B1: DELEGACION POLICIAL | C1: ACTIVIDAD 1 CHARLA PREVENCIÓN DE LA VIOLENCIA EN RELACIONES DE PAREJA EJE 1 PLANOVI (JOVENES ADOLESCENTES) EJECUTAR MES DE MAYO LÍNEA BASE 100 PERSONAS | G1: ACTIVIDAD 2 CHARLA PREVENCIÓN DE LA VIOLENCIA DOMÉSTICA E INTRAFAMILIAR EJE 1 PLANOVI (PERSONAS ADULTAS) EJECUTAR MES DE AGOSTO LINEA BASE 25 PERSONAS | K1: ACTIVIDAD 3 CHARLA PREVENCIÓN DE LA MASCULINIDAD POR LA IGUALDAD EJE 2 PLANOVI (JOVENES Y ADOLESCENTES) EJECUTAR MES DE MAYO LÍNEA BASE 75 PERSONAS | O1: ACTIVIDAD 4 CHARLA PREVENCIÓN DE LA MASCULINIDAD POR LA IGUALDAD ADULTOS EJE 2 PLANOVI (COMUNIDAD) EJECUTAR MES DE AGOSTO LÍNEA BASE 15 PERSONAS | S1: ACTIVIDAD 5 CHARLA TRATA DE PERSONAS JOVENES ADOLESCENTES EJE 1 CONATT EJECUTAR MES DE MAYO LÍNEA BASE 50 PERSONAS | W1: ACTIVIDAD 6 CHARLA TRATA DE PERSONAS ADULTOS COMUNIDADES EJE 1 CONATT EJECUTAR MES DE AGOSTO LÍNEA BASE 10 PARTICIPANTES | AA1: ACTIVIDAD 7 CHARLA PREVENCIÓN DEL FEMICIDIO Y DIVULGACION COMITES CLAIS PERSONAS ADULTAS EJE 6 PLANOVI EJECUTAR MES DE OCTUBRE LÍNEA BASE 15 | AE1: ACTIVIDAD 8 ESTRATEGIA DE COMUNICACIÓN EJE 1 PLANOVI PREVENCION DE LA VIOLENCIA CONTRA LAS MUJERES EJECUTAR MES DE MARZO LÍNEA BASE 100 PERSONAS | AI1: ACTIVIDAD 9 ESTRATEGIA DE COMUNICACIÓN EJE 2 PLANOVI MASCULINIDAD POR LA IGUALDAD EJECUTAR MES DE JUNIO LÍNEA BASE 100 PERSONAS | AM1: ACTIVIDAD 10 ESTRATEGIA DE COMUNICACIÓN EJE 5 PLANOVI PREVENCIÓN, ATENCIÓN INTEGRAL Y NO-REVICTIMIZACIÓN FRENTE A LA VIOLENCIA SEXUAL EJECUTAR MES DE SETIEMBRE LÍNEA BASE 100 PERSONAS | AQ1: ACTIVIDAD 11 ESTRATEGIA DE COMUNICACIÓN EJE 6 PLANOVI PREVENCIÓN DEL FEMICIDIO EJECUTAR MES DE NOVIEMBRE LÍNEA BASE 100 PERSONAS | AU1: ACTIVIDAD 12 ESTRATEGIA DE COMUNICACIÓN EJE 1 CONATT CONTRA LA TRATA DE PERSONAS EJECUTAR MES DE JULIO LÍNEA BASE 100 PERSONAS | AY1: ACTIVIDAD 13 ESTRATEGIA DE COMUNICACIÓN EJE 1 CONATT TRAFICO ILICITO PERSONAS MIGRANTES EJECUTAR MES DE DICIEMBRE LÍNEA BASE 100 PERSONAS | BC1: ACTIVIDAD 14 ESTRATEGIA DE COMUNICACIÓN JUSTICIA RESTAURATIVA EJECUTAR MES DE ABRIL 50% COMITÉS SEGURIDAD COMUNITARIA | BG1: ACTIVIDAD 15 ESTRATEGIA DE COMUNICACIÓN JUSTICIA RESTAURATIVA EJECUTAR MES DE ABRIL 50% COMERCIOS | BK1: ACTIVIDAD 16 REPRESENTACION INSTITUCIONAL REDES CONTRA LA VIOLENCIA INTRAFAMILIAR PLANOVI CANTIDAD DE PARTICIPACIÓN POR TRIMESTRE | BO1: ACTIVIDAD 17 REPRESENTACION INSTITUCIONAL SUBSISTEMA LOCAL NIÑEZ Y ADOLESCENCIA (PANI) CANTIDAD DE PARTICIPACIÓN POR TRIMESTRE | BS1: ACTIVIDAD 18 REPRESENTACION INSTITUCIONAL COMITÉ LOCAL CLAIS (PODER JUDICIAL-INAMU-FUERZA PUBLICA) CANTIDAD DE PARTICIPACIÓN POR TRIMESTRE
C2: PRIMER TRIMESTRE | D2: SEGUNDO TRIMESTRE | E2: TERCER TRIMESTRE | F2: CUARTO TRIMESTRE | G2: PRIMER TRIMESTRE | H2: SEGUNDO TRIMESTRE | I2: TERCER TRIMESTRE | J2: CUARTO TRIMESTRE | K2: PRIMER TRIMESTRE | L2: SEGUNDO TRIMESTRE | M2: TERCER TRIMESTRE | N2: CUARTO TRIMESTRE | O2: PRIMER TRIMESTRE | P2: SEGUNDO TRIMESTRE | Q2: TERCER TRIMESTRE | R2: CUARTO TRIMESTRE | S2: PRIMER TRIMESTRE | T2: SEGUNDO TRIMESTRE | U2: TERCER TRIMESTRE | V2: CUARTO TRIMESTRE | W2: PRIMER TRIMESTRE | X2: SEGUNDO TRIMESTRE | Y2: TERCER TRIMESTRE | Z2: CUARTO TRIMESTRE | AA2: PRIMER TRIMESTRE | AB2: SEGUNDO TRIMESTRE | AC2: TERCER TRIMESTRE | AD2: CUARTO TRIMESTRE | AE2: PRIMER TRIMESTRE | AF2: SEGUNDO TRIMESTRE | AG2: TERCER TRIMESTRE | AH2: CUARTO TRIMESTRE | AI2: PRIMER TRIMESTRE | AJ2: SEGUNDO TRIMESTRE | AK2: TERCER TRIMESTRE | AL2: CUARTO TRIMESTRE | AM2: PRIMER TRIMESTRE | AN2: SEGUNDO TRIMESTRE | AO2: TERCER TRIMESTRE | AP2: CUARTO TRIMESTRE | AQ2: PRIMER TRIMESTRE | AR2: SEGUNDO TRIMESTRE | AS2: TERCER TRIMESTRE | AT2: CUARTO TRIMESTRE | AU2: PRIMER TRIMESTRE | AV2: SEGUNDO TRIMESTRE | AW2: TERCER TRIMESTRE | AX2: CUARTO TRIMESTRE | AY2: PRIMER TRIMESTRE | AZ2: SEGUNDO TRIMESTRE | BA2: TERCER TRIMESTRE | BB2: CUARTO TRIMESTRE | BC2: PRIMER TRIMESTRE | BD2: SEGUNDO TRIMESTRE | BE2: TERCER TRIMESTRE | BF2: CUARTO TRIMESTRE | BG2: PRIMER TRIMESTRE | BH2: SEGUNDO TRIMESTRE | BI2: TERCER TRIMESTRE | BJ2: CUARTO TRIMESTRE | BK2: PRIMER TRIMESTRE | BL2: SEGUNDO TRIMESTRE | BM2: TERCER TRIMESTRE | BN2: CUARTO TRIMESTRE | BO2: PRIMER TRIMESTRE | BP2: SEGUNDO TRIMESTRE | BQ2: TERCER TRIMESTRE | BR2: CUARTO TRIMESTRE | BS2: PRIMER TRIMESTRE | BT2: SEGUNDO TRIMESTRE | BU2: TERCER TRIMESTRE | BV2: CUARTO TRIMESTRE
A3: REGION 8 HUETAR NORTE | B3: D-82 E SAN CARLOS ESTE | D3: 134 | L3: 154 | T3: 70 | AE3: 200 | AJ3: 0 | BD3: 1 | BH3: 1 | BK3: 2 | BL3: 1 | BO3: 2 | BP3: 2 | BS3: 3 | BT3: 2
B4: D-82 O SAN CARLO OESTE | D4: 223 | L4: 100 | T4: 45 | AE4: 254 | AJ4: 0 | BD4: 1 | BH4: 1 | BK4: 1 | BL4: 1 | BO4: 2 | BP4: 1 | BT4: 1
B5: D-83 ZARCERO | D5: 179 | L5: 120 | T5: 56 | AE5: 413 | AJ5: 0 | BD5: 1 | BH5: 1 | BK5: 1 | BL5: 0 | BP5: 0
B6: D-86 GUATUSO | D6: 329 | L6: 182 | T6: 50 | AE6: 220 | AJ6: 0 | BD6: 1 | BH6: 1 | BK6: 2 | BL6: 2 | BO6: 2 | BP6: 2
B7: D-87 RIO CUARTO | D7: 136 | L7: 113 | T7: 68 | AE7: 185 | AJ7: 0 | BD7: 1 | BH7: 1 | BK7: 3 | BL7: 2 | BO7: 3 | BP7: 1
C8: =SUM(C3:C7) -> 0 | D8: =SUM(D3:D7) -> 1001 | E8: =SUM(E3:E7) -> 0 | F8: =SUM(F3:F7) -> 0 | G8: =SUM(G3:G7) -> 0 | H8: =SUM(H3:H7) -> 0 | I8: =SUM(I3:I7) -> 0 | J8: =SUM(J3:J7) -> 0 | ... BB8: =SUM(BB3:BB7) -> 0 | BC8: 1 | BD8: =SUM(BD3:BD7) -> 5 | BE8: =SUM(BE3:BE7) -> 0 | BF8: =SUM(BF3:BF7) -> 0 | BG8: 1 | BH8: =SUM(BH3:BH7) -> 5 | BI8: =SUM(BI3:BI7) -> 0 | BJ8: =SUM(BJ3:BJ7) -> 0 | BK8: =SUM(BK3:BK7) -> 9 | BL8: =SUM(BL3:BL7) -> 6 | BM8: =SUM(BM3:BM7) -> 0 | BN8: =SUM(BN3:BN7) -> 0 | BO8: =SUM(BO3:BO7) -> 9 | ... BV8: =SUM(BV3:BV7) -> 0
B9: TOTAL | C9: =SUM(C8+D8+E8+F8) -> 1001 | G9: =SUM(G8+H8+I8+J8) -> 0 | K9: =SUM(K8+L8+M8+N8) -> 669 | O9: =SUM(O8+P8+Q8+R8) -> 0 | S9: =SUM(S8+T8+U8+V8) -> 289 | W9: =SUM(W8+X8+Y8+Z8) -> 0 | AA9: =SUM(AA8+AB8+AC8+AD8) -> 0 | AE9: =SUM(AE8:AH8) -> 1272 | AI9: =SUM(AI8+AJ8+AK8+AL8) -> 0 | AM9: =SUM(AM8+AN8+AO8+AP8) -> 0 | AQ9: =SUM(AQ8+AR8+AS8+AT8) -> 0 | AU9: =SUM(AU8:AX8) -> 0 | AY9: =SUM(AY8:BB8) -> 0 | BC9: =SUM(BC8:BF8) -> 6 | BG9: =SUM(BG8:BJ8) -> 6 | BK9: =SUM(BK8:BN8) -> 15 | BO9: =SUM(BO8:BR8) -> 15 | BS9: =SUM(BS8:BV8) -> 6

Sheet REGION 9 HUETAR ATLANTICA
A1: REGION | B1: DELEGACION POLICIAL | C1: ACTIVIDAD 1 CHARLA PREVENCIÓN DE LA VIOLENCIA EN RELACIONES DE PAREJA EJE 1 PLANOVI (JOVENES ADOLESCENTES) EJECUTAR MES DE MAYO LÍNEA BASE 125 PERSONAS | G1: ACTIVIDAD 2 CHARLA PREVENCIÓN DE LA VIOLENCIA DOMÉSTICA E INTRAFAMILIAR EJE 1 PLANOVI (PERSONAS ADULTAS) EJECUTAR MES DE AGOSTO LINEA BASE 25 PERSONAS | K1: ACTIVIDAD 3 CHARLA PREVENCIÓN DE LA MASCULINIDAD POR LA IGUALDAD EJE 2 PLANOVI (JOVENES Y ADOLESCENTES) EJECUTAR MES DE MAYO LÍNEA BASE 100 PERSONAS | O1: ACTIVIDAD 4 CHARLA PREVENCIÓN DE LA MASCULINIDAD POR LA IGUALDAD ADULTOS EJE 2 PLANOVI (COMUNIDAD) EJECUTAR MES DE AGOSTO LÍNEA BASE 15 PERSONAS | S1: ACTIVIDAD 5 CHARLA TRATA DE PERSONAS JOVENES ADOLESCENTES EJE 1 CONATT EJECUTAR MES DE MAYO LÍNEA BASE 50 PERSONAS | W1: ACTIVIDAD 6 CHARLA TRATA DE PERSONAS ADULTOS COMUNIDADES EJE 1 CONATT EJECUTAR MES DE AGOSTO LÍNEA BASE 10 PARTICIPANTES | AA1: ACTIVIDAD 7 CHARLA PREVENCIÓN DEL FEMICIDIO Y DIVULGACION COMITES CLAIS PERSONAS ADULTAS EJE 6 PLANOVI EJECUTAR MES DE OCTUBRE LÍNEA BASE 15 | AE1: ACTIVIDAD 8 ESTRATEGIA DE COMUNICACIÓN EJE 1 PLANOVI PREVENCION DE LA VIOLENCIA CONTRA LAS MUJERES EJECUTAR MES DE MARZO LÍNEA BASE 100 PERSONAS | AI1: ACTIVIDAD 9 ESTRATEGIA DE COMUNICACIÓN EJE 2 PLANOVI MASCULINIDAD POR LA IGUALDAD EJECUTAR MES DE JUNIO LÍNEA BASE 100 PERSONAS | AM1: ACTIVIDAD 10 ESTRATEGIA DE COMUNICACIÓN EJE 5 PLANOVI PREVENCIÓN, ATENCIÓN INTEGRAL Y NO-REVICTIMIZACIÓN FRENTE A LA VIOLENCIA SEXUAL EJECUTAR MES DE SETIEMBRE LÍNEA BASE 100 PERSONAS | AQ1: ACTIVIDAD 11 ESTRATEGIA DE COMUNICACIÓN EJE 6 PLANOVI PREVENCIÓN DEL FEMICIDIO EJECUTAR MES DE NOVIEMBRE LÍNEA BASE 100 PERSONAS | AU1: ACTIVIDAD 12 ESTRATEGIA DE COMUNICACIÓN EJE 1 CONATT CONTRA LA TRATA DE PERSONAS EJECUTAR MES DE JULIO LÍNEA BASE 100 PERSONAS | AY1: ACTIVIDAD 13 ESTRATEGIA DE COMUNICACIÓN EJE 1 CONATT TRAFICO ILICITO PERSONAS MIGRANTES EJECUTAR MES DE DICIEMBRE LÍNEA BASE 100 PERSONAS | BC1: ACTIVIDAD 14 ESTRATEGIA DE COMUNICACIÓN JUSTICIA RESTAURATIVA EJECUTAR MES DE ABRIL 50% COMITÉS SEGURIDAD COMUNITARIA | BG1: ACTIVIDAD 15 ESTRATEGIA DE COMUNICACIÓN JUSTICIA RESTAURATIVA EJECUTAR MES DE ABRIL 50% COMERCIOS | BK1: ACTIVIDAD 16 REPRESENTACION INSTITUCIONAL REDES CONTRA LA VIOLENCIA INTRAFAMILIAR PLANOVI CANTIDAD DE PARTICIPACIÓN POR TRIMESTRE | BO1: ACTIVIDAD 17 REPRESENTACION INSTITUCIONAL SUBSISTEMA LOCAL NIÑEZ Y ADOLESCENCIA (PANI) CANTIDAD DE PARTICIPACIÓN POR TRIMESTRE | BS1: ACTIVIDAD 18 REPRESENTACION INSTITUCIONAL COMITÉ LOCAL CLAIS (PODER JUDICIAL-INAMU-FUERZA PUBLICA) CANTIDAD DE PARTICIPACIÓN POR TRIMESTRE
C2: PRIMER TRIMESTRE | D2: SEGUNDO TRIMESTRE | E2: TERCER TRIMESTRE | F2: CUARTO TRIMESTRE | G2: PRIMER TRIMESTRE | H2: SEGUNDO TRIMESTRE | I2: TERCER TRIMESTRE | J2: CUARTO TRIMESTRE | K2: PRIMER TRIMESTRE | L2: SEGUNDO TRIMESTRE | M2: TERCER TRIMESTRE | N2: CUARTO TRIMESTRE | O2: PRIMER TRIMESTRE | P2: SEGUNDO TRIMESTRE | Q2: TERCER TRIMESTRE | R2: CUARTO TRIMESTRE | S2: PRIMER TRIMESTRE | T2: SEGUNDO TRIMESTRE | U2: TERCER TRIMESTRE | V2: CUARTO TRIMESTRE | W2: PRIMER TRIMESTRE | X2: SEGUNDO TRIMESTRE | Y2: TERCER TRIMESTRE | Z2: CUARTO TRIMESTRE | AA2: PRIMER TRIMESTRE | AB2: SEGUNDO TRIMESTRE | AC2: TERCER TRIMESTRE | AD2: CUARTO TRIMESTRE | AE2: PRIMER TRIMESTRE | AF2: SEGUNDO TRIMESTRE | AG2: TERCER TRIMESTRE | AH2: CUARTO TRIMESTRE | AI2: PRIMER TRIMESTRE | AJ2: SEGUNDO TRIMESTRE | AK2: TERCER TRIMESTRE | AL2: CUARTO TRIMESTRE | AM2: PRIMER TRIMESTRE | AN2: SEGUNDO TRIMESTRE | AO2: TERCER TRIMESTRE | AP2: CUARTO TRIMESTRE | AQ2: PRIMER TRIMESTRE | AR2: SEGUNDO TRIMESTRE | AS2: TERCER TRIMESTRE | AT2: CUARTO TRIMESTRE | AU2: PRIMER TRIMESTRE | AV2: SEGUNDO TRIMESTRE | AW2: TERCER TRIMESTRE | AX2: CUARTO TRIMESTRE | AY2: PRIMER TRIMESTRE | AZ2: SEGUNDO TRIMESTRE | BA2: TERCER TRIMESTRE | BB2: CUARTO TRIMESTRE | BC2: PRIMER TRIMESTRE | BD2: SEGUNDO TRIMESTRE | BE2: TERCER TRIMESTRE | BF2: CUARTO TRIMESTRE | BG2: PRIMER TRIMESTRE | BH2: SEGUNDO TRIMESTRE | BI2: TERCER TRIMESTRE | BJ2: CUARTO TRIMESTRE | BK2: PRIMER TRIMESTRE | BL2: SEGUNDO TRIMESTRE | BM2: TERCER TRIMESTRE | BN2: CUARTO TRIMESTRE | BO2: PRIMER TRIMESTRE | BP2: SEGUNDO TRIMESTRE | BQ2: TERCER TRIMESTRE | BR2: CUARTO TRIMESTRE | BS2: PRIMER TRIMESTRE | BT2: SEGUNDO TRIMESTRE | BU2: TERCER TRIMESTRE | BV2: CUARTO TRIMESTRE
A3: REGION 9 HUETAR ATALANTICA | B3: D-88 LIMON | D3: 136 | L3: 100 | T3: 60 | AE3: 130 | AJ3: 180 | BD3: 1 | BH3: 1 | BK3: 1 | BL3: 3 | BO3: 2 | BP3: 2 | BS3: 1 | BT3: 2
B4: D-90 SIQUIRRES | D4: 153 | L4: 126 | T4: 66 | AE4: 150 | AJ4: 0 | BD4: 1 | BH4: 1 | BK4: 2 | BL4: 1 | BP4: 1
B5: D-91 TALAMANCA | D5: 193 | L5: 198 | T5: 175 | AE5: 195 | AJ5: 0 | BD5: 1 | BH5: 1 | BK5: 2 | BL5: 0 | BP5: 1 | BS5: 2 | BT5: 0
B6: D-92 MATINA | D6: 125 | L6: 100 | T6: 50 | AE6: 100 | AJ6: 0 | BD6: 1 | BH6: 1 | BL6: 2 | BO6: 3 | BP6: 3 | BT6: 0
C7: =SUM(C3:C6) -> 0 | D7: =SUM(D3:D6) -> 607 | E7: =SUM(E3:E6) -> 0 | F7: =SUM(F3:F6) -> 0 | G7: =SUM(G3:G6) -> 0 | H7: =SUM(H3:H6) -> 0 | I7: =SUM(I3:I6) -> 0 | J7: =SUM(J3:J6) -> 0 | ... BB7: =SUM(BB3:BB6) -> 0 | BK7: =SUM(BK3:BK6) -> 5 | BL7: =SUM(BL3:BL6) -> 6 | BM7: =SUM(BM3:BM6) -> 0 | BN7: =SUM(BN3:BN6) -> 0 | BO7: =SUM(BO3:BO6) -> 5 | BP7: =SUM(BP3:BP6) -> 7 | BQ7: =SUM(BQ3:BQ6) -> 0 | BR7: =SUM(BR3:BR6) -> 0 | ... BV7: =SUM(BV3:BV6) -> 0
B8: TOTAL | C8: =SUM(C7+D7+E7+F7) -> 607 | G8: =SUM(G7+H7+I7+J7) -> 0 | K8: =SUM(K7+L7+M7+N7) -> 524 | O8: =SUM(O7+P7+Q7+R7) -> 0 | S8: =SUM(S7+T7+U7+V7) -> 351 | W8: =SUM(W7+X7+Y7+Z7) -> 0 | AA8: =SUM(AA7+AB7+AC7+AD7) -> 0 | AE8: =SUM(AE7:AH7) -> 575 | AI8: =SUM(AI7+AJ7+AK7+AL7) -> 180 | AM8: =SUM(AM7+AN7+AO7+AP7) -> 0 | AQ8: =SUM(AQ7+AR7+AS7+AT7) -> 0 | AU8: =SUM(AU7:AX7) -> 0 | AY8: =SUM(AY7:BB7) -> 0 | BC8: 1 | BG8: 1 | BK8: =SUM(BK7:BN7) -> 11 | BO8: =SUM(BO7:BR7) -> 12 | BS8: =SUM(BS7:BV7) -> 5

Sheet REGIÓN 10 BRUNCA SUR
A1: REGION | B1: DELEGACION POLICIAL | C1: ACTIVIDAD 1 CHARLA PREVENCIÓN DE LA VIOLENCIA EN RELACIONES DE PAREJA EJE 1 PLANOVI (JOVENES ADOLESCENTES) EJECUTAR MES DE MAYO LÍNEA BASE 125 PERSONAS | G1: ACTIVIDAD 2 CHARLA PREVENCIÓN DE LA VIOLENCIA DOMÉSTICA E INTRAFAMILIAR EJE 1 PLANOVI (PERSONAS ADULTAS) EJECUTAR MES DE AGOSTO LINEA BASE 25 PERSONAS | K1: ACTIVIDAD 3 CHARLA PREVENCIÓN DE LA MASCULINIDAD POR LA IGUALDAD EJE 2 PLANOVI (JOVENES Y ADOLESCENTES) EJECUTAR MES DE MAYO LÍNEA BASE 100 PERSONAS | O1: ACTIVIDAD 4 CHARLA PREVENCIÓN DE LA MASCULINIDAD POR LA IGUALDAD ADULTOS EJE 2 PLANOVI (COMUNIDAD) EJECUTAR MES DE AGOSTO LÍNEA BASE 15 PERSONAS | S1: ACTIVIDAD 5 CHARLA TRATA DE PERSONAS JOVENES ADOLESCENTES EJE 1 CONATT EJECUTAR MES DE MAYO LÍNEA BASE 50 PERSONAS | W1: ACTIVIDAD 6 CHARLA TRATA DE PERSONAS ADULTOS COMUNIDADES EJE 1 CONATT EJECUTAR MES DE AGOSTO LÍNEA BASE 10 PARTICIPANTES | AA1: ACTIVIDAD 7 CHARLA PREVENCIÓN DEL FEMICIDIO Y DIVULGACION COMITES CLAIS PERSONAS ADULTAS EJE 6 PLANOVI EJECUTAR MES DE OCTUBRE LÍNEA BASE 15 | AE1: ACTIVIDAD 8 ESTRATEGIA DE COMUNICACIÓN EJE 1 PLANOVI PREVENCION DE LA VIOLENCIA CONTRA LAS MUJERES EJECUTAR MES DE MARZO LÍNEA BASE 100 PERSONAS | AI1: ACTIVIDAD 9 ESTRATEGIA DE COMUNICACIÓN EJE 2 PLANOVI MASCULINIDAD POR LA IGUALDAD EJECUTAR MES DE JUNIO LÍNEA BASE 100 PERSONAS | AM1: ACTIVIDAD 10 ESTRATEGIA DE COMUNICACIÓN EJE 5 PLANOVI PREVENCIÓN, ATENCIÓN INTEGRAL Y NO-REVICTIMIZACIÓN FRENTE A LA VIOLENCIA SEXUAL EJECUTAR MES DE SETIEMBRE LÍNEA BASE 100 PERSONAS | AQ1: ACTIVIDAD 11 ESTRATEGIA DE COMUNICACIÓN EJE 6 PLANOVI PREVENCIÓN DEL FEMICIDIO EJECUTAR MES DE NOVIEMBRE LÍNEA BASE 100 PERSONAS | AU1: ACTIVIDAD 12 ESTRATEGIA DE COMUNICACIÓN EJE 1 CONATT CONTRA LA TRATA DE PERSONAS EJECUTAR MES DE JULIO LÍNEA BASE 100 PERSONAS | AY1: ACTIVIDAD 13 ESTRATEGIA DE COMUNICACIÓN EJE 1 CONATT TRAFICO ILICITO PERSONAS MIGRANTES EJECUTAR MES DE DICIEMBRE LÍNEA BASE 100 PERSONAS | BC1: ACTIVIDAD 14 ESTRATEGIA DE COMUNICACIÓN JUSTICIA RESTAURATIVA EJECUTAR MES DE ABRIL 50% COMITÉS SEGURIDAD COMUNITARIA | BG1: ACTIVIDAD 15 ESTRATEGIA DE COMUNICACIÓN JUSTICIA RESTAURATIVA EJECUTAR MES DE ABRIL 50% COMERCIOS | BK1: ACTIVIDAD 16 REPRESENTACION INSTITUCIONAL REDES CONTRA LA VIOLENCIA INTRAFAMILIAR PLANOVI CANTIDAD DE PARTICIPACIÓN POR TRIMESTRE | BO1: ACTIVIDAD 17 REPRESENTACION INSTITUCIONAL SUBSISTEMA LOCAL NIÑEZ Y ADOLESCENCIA (PANI) CANTIDAD DE PARTICIPACIÓN POR TRIMESTRE | BS1: ACTIVIDAD 18 REPRESENTACION INSTITUCIONAL COMITÉ LOCAL CLAIS (PODER JUDICIAL-INAMU-FUERZA PUBLICA) CANTIDAD DE PARTICIPACIÓN POR TRIMESTRE
C2: PRIMER TRIMESTRE | D2: SEGUNDO TRIMESTRE | E2: TERCER TRIMESTRE | F2: CUARTO TRIMESTRE | G2: PRIMER TRIMESTRE | H2: SEGUNDO TRIMESTRE | I2: TERCER TRIMESTRE | J2: CUARTO TRIMESTRE | K2: PRIMER TRIMESTRE | L2: SEGUNDO TRIMESTRE | M2: TERCER TRIMESTRE | N2: CUARTO TRIMESTRE | O2: PRIMER TRIMESTRE | P2: SEGUNDO TRIMESTRE | Q2: TERCER TRIMESTRE | R2: CUARTO TRIMESTRE | S2: PRIMER TRIMESTRE | T2: SEGUNDO TRIMESTRE | U2: TERCER TRIMESTRE | V2: CUARTO TRIMESTRE | W2: PRIMER TRIMESTRE | X2: SEGUNDO TRIMESTRE | Y2: TERCER TRIMESTRE | Z2: CUARTO TRIMESTRE | AA2: PRIMER TRIMESTRE | AB2: SEGUNDO TRIMESTRE | AC2: TERCER TRIMESTRE | AD2: CUARTO TRIMESTRE | AE2: PRIMER TRIMESTRE | AF2: SEGUNDO TRIMESTRE | AG2: TERCER TRIMESTRE | AH2: CUARTO TRIMESTRE | AI2: PRIMER TRIMESTRE | AJ2: SEGUNDO TRIMESTRE | AK2: TERCER TRIMESTRE | AL2: CUARTO TRIMESTRE | AM2: PRIMER TRIMESTRE | AN2: SEGUNDO TRIMESTRE | AO2: TERCER TRIMESTRE | AP2: CUARTO TRIMESTRE | AQ2: PRIMER TRIMESTRE | AR2: SEGUNDO TRIMESTRE | AS2: TERCER TRIMESTRE | AT2: CUARTO TRIMESTRE | AU2: PRIMER TRIMESTRE | AV2: SEGUNDO TRIMESTRE | AW2: TERCER TRIMESTRE | AX2: CUARTO TRIMESTRE | AY2: PRIMER TRIMESTRE | AZ2: SEGUNDO TRIMESTRE | BA2: TERCER TRIMESTRE | BB2: CUARTO TRIMESTRE | BC2: PRIMER TRIMESTRE | BD2: SEGUNDO TRIMESTRE | BE2: TERCER TRIMESTRE | BF2: CUARTO TRIMESTRE | BG2: PRIMER TRIMESTRE | BH2: SEGUNDO TRIMESTRE | BI2: TERCER TRIMESTRE | BJ2: CUARTO TRIMESTRE | BK2: PRIMER TRIMESTRE | BL2: SEGUNDO TRIMESTRE | BM2: TERCER TRIMESTRE | BN2: CUARTO TRIMESTRE | BO2: PRIMER TRIMESTRE | BP2: SEGUNDO TRIMESTRE | BQ2: TERCER TRIMESTRE | BR2: CUARTO TRIMESTRE | BS2: PRIMER TRIMESTRE | BT2: SEGUNDO TRIMESTRE | BU2: TERCER TRIMESTRE | BV2: CUARTO TRIMESTRE
A3: REGION 10 BRUNCA SUR | B3: D-94 GOLFITO | D3: 146 | L3: 130 | T3: 90 | AE3: 477 | AJ3: 0 | BD3: 1 | BH3: 1 | BK3: 3 | BL3: 3 | BO3: 2 | BP3: 3 | BS3: 1 | BT3: 2
B4: D-95 COTO BRUS | D4: 127 | L4: 129 | T4: 69 | AE4: 267 | AJ4: 0 | BD4: 1 | BH4: 1 | BK4: 2 | BL4: 2 | BO4: 1 | BP4: 2 | BS4: 2 | BT4: 2
B5: D-96 CORREDORES | D5: 125 | L5: 133 | T5: 50 | AE5: 100 | AJ5: 0 | BD5: 1 | BH5: 1 | BK5: 3 | BL5: 3 | BO5: 2 | BP5: 2 | BS5: 1 | BT5: 0
B6: D-97 PUERTO JIMENEZ | D6: 180 | L6: 114 | T6: 90 | AE6: 137 | AJ6: 0 | BD6: 1 | BH6: 1 | BK6: 1 | BL6: 2 | BO6: 1 | BP6: 0 | BS6: 2 | BT6: 2
C7: =SUM(C3:C6) -> 0 | D7: =SUM(D3:D6) -> 578 | E7: =SUM(E3:E6) -> 0 | F7: =SUM(F3:F6) -> 0 | G7: =SUM(G3:G6) -> 0 | H7: =SUM(H3:H6) -> 0 | I7: =SUM(I3:I6) -> 0 | J7: =SUM(J3:J6) -> 0 | ... BB7: =SUM(BB3:BB6) -> 0 | BK7: =SUM(BK3:BK6) -> 9 | BL7: =SUM(BL3:BL6) -> 10 | BM7: =SUM(BM3:BM6) -> 0 | BN7: =SUM(BN3:BN6) -> 0 | BO7: =SUM(BO3:BO6) -> 6 | BP7: =SUM(BP3:BP6) -> 7 | BQ7: =SUM(BQ3:BQ6) -> 0 | BR7: =SUM(BR3:BR6) -> 0 | ... BV7: =SUM(BV3:BV6) -> 0
B8: TOTAL | C8: =SUM(C7+D7+E7+F7) -> 578 | G8: =SUM(G7+H7+I7+J7) -> 0 | K8: =SUM(K7+L7+M7+N7) -> 506 | O8: =SUM(O7+P7+Q7+R7) -> 0 | S8: =SUM(S7+T7+U7+V7) -> 299 | W8: =SUM(W7+X7+Y7+Z7) -> 0 | AA8: =SUM(AA7+AB7+AC7+AD7) -> 0 | AE8: =SUM(AE7:AH7) -> 981 | AI8: =SUM(AI7+AJ7+AK7+AL7) -> 0 | AM8: =SUM(AM7+AN7+AO7+AP7) -> 0 | AQ8: =SUM(AQ7+AR7+AS7+AT7) -> 0 | AU8: =SUM(AU7:AX7) -> 0 | AY8: =SUM(AY7:BB7) -> 0 | BC8: 1 | BG8: 1 | BK8: =SUM(BK7:BN7) -> 19 | BO8: =SUM(BO7:BR7) -> 13 | BS8: =SUM(BS7:BV7) -> 12

Sheet REGION 11 CHOROTEGA NORTE
A1: REGION | B1: DELEGACION POLICIAL | C1: ACTIVIDAD 1 CHARLA PREVENCIÓN DE LA VIOLENCIA EN RELACIONES DE PAREJA EJE 1 PLANOVI (JOVENES ADOLESCENTES) EJECUTAR MES DE MAYO LÍNEA BASE 125 PERSONAS | G1: ACTIVIDAD 2 CHARLA PREVENCIÓN DE LA VIOLENCIA DOMÉSTICA E INTRAFAMILIAR EJE 1 PLANOVI (PERSONAS ADULTAS) EJECUTAR MES DE AGOSTO LINEA BASE 25 PERSONAS | K1: ACTIVIDAD 3 CHARLA PREVENCIÓN DE LA MASCULINIDAD POR LA IGUALDAD EJE 2 PLANOVI (JOVENES Y ADOLESCENTES) EJECUTAR MES DE MAYO LÍNEA BASE 100 PERSONAS | O1: ACTIVIDAD 4 CHARLA PREVENCIÓN DE LA MASCULINIDAD POR LA IGUALDAD ADULTOS EJE 2 PLANOVI (COMUNIDAD) EJECUTAR MES DE AGOSTO LÍNEA BASE 15 PERSONAS | S1: ACTIVIDAD 5 CHARLA TRATA DE PERSONAS JOVENES ADOLESCENTES EJE 1 CONATT EJECUTAR MES DE MAYO LÍNEA BASE 50 PERSONAS | W1: ACTIVIDAD 6 CHARLA TRATA DE PERSONAS ADULTOS COMUNIDADES EJE 1 CONATT EJECUTAR MES DE AGOSTO LÍNEA BASE 10 PARTICIPANTES | AA1: ACTIVIDAD 7 CHARLA PREVENCIÓN DEL FEMICIDIO Y DIVULGACION COMITES CLAIS PERSONAS ADULTAS EJE 6 PLANOVI EJECUTAR MES DE OCTUBRE LÍNEA BASE 15 | AE1: ACTIVIDAD 8 ESTRATEGIA DE COMUNICACIÓN EJE 1 PLANOVI PREVENCION DE LA VIOLENCIA CONTRA LAS MUJERES EJECUTAR MES DE MARZO LÍNEA BASE 100 PERSONAS | AI1: ACTIVIDAD 9 ESTRATEGIA DE COMUNICACIÓN EJE 2 PLANOVI MASCULINIDAD POR LA IGUALDAD EJECUTAR MES DE JUNIO LÍNEA BASE 100 PERSONAS | AM1: ACTIVIDAD 10 ESTRATEGIA DE COMUNICACIÓN EJE 5 PLANOVI PREVENCIÓN, ATENCIÓN INTEGRAL Y NO-REVICTIMIZACIÓN FRENTE A LA VIOLENCIA SEXUAL EJECUTAR MES DE SETIEMBRE LÍNEA BASE 100 PERSONAS | AQ1: ACTIVIDAD 11 ESTRATEGIA DE COMUNICACIÓN EJE 6 PLANOVI PREVENCIÓN DEL FEMICIDIO EJECUTAR MES DE NOVIEMBRE LÍNEA BASE 100 PERSONAS | AU1: ACTIVIDAD 12 ESTRATEGIA DE COMUNICACIÓN EJE 1 CONATT CONTRA LA TRATA DE PERSONAS EJECUTAR MES DE JULIO LÍNEA BASE 100 PERSONAS | AY1: ACTIVIDAD 13 ESTRATEGIA DE COMUNICACIÓN EJE 1 CONATT TRAFICO ILICITO PERSONAS MIGRANTES EJECUTAR MES DE DICIEMBRE LÍNEA BASE 100 PERSONAS | BC1: ACTIVIDAD 14 ESTRATEGIA DE COMUNICACIÓN JUSTICIA RESTAURATIVA EJECUTAR MES DE ABRIL 50% COMITÉS SEGURIDAD COMUNITARIA | BG1: ACTIVIDAD 15 ESTRATEGIA DE COMUNICACIÓN JUSTICIA RESTAURATIVA EJECUTAR MES DE ABRIL 50% COMERCIOS | BK1: ACTIVIDAD 16 REPRESENTACION INSTITUCIONAL REDES CONTRA LA VIOLENCIA INTRAFAMILIAR PLANOVI CANTIDAD DE PARTICIPACIÓN POR TRIMESTRE | BO1: ACTIVIDAD 17 REPRESENTACION INSTITUCIONAL SUBSISTEMA LOCAL NIÑEZ Y ADOLESCENCIA (PANI) CANTIDAD DE PARTICIPACIÓN POR TRIMESTRE | BS1: ACTIVIDAD 18 REPRESENTACION INSTITUCIONAL COMITÉ LOCAL CLAIS (PODER JUDICIAL-INAMU-FUERZA PUBLICA) CANTIDAD DE PARTICIPACIÓN POR TRIMESTRE
C2: PRIMER TRIMESTRE | D2: SEGUNDO TRIMESTRE | E2: TERCER TRIMESTRE | F2: CUARTO TRIMESTRE | G2: PRIMER TRIMESTRE | H2: SEGUNDO TRIMESTRE | I2: TERCER TRIMESTRE | J2: CUARTO TRIMESTRE | K2: PRIMER TRIMESTRE | L2: SEGUNDO TRIMESTRE | M2: TERCER TRIMESTRE | N2: CUARTO TRIMESTRE | O2: PRIMER TRIMESTRE | P2: SEGUNDO TRIMESTRE | Q2: TERCER TRIMESTRE | R2: CUARTO TRIMESTRE | S2: PRIMER TRIMESTRE | T2: SEGUNDO TRIMESTRE | U2: TERCER TRIMESTRE | V2: CUARTO TRIMESTRE | W2: PRIMER TRIMESTRE | X2: SEGUNDO TRIMESTRE | Y2: TERCER TRIMESTRE | Z2: CUARTO TRIMESTRE | AA2: PRIMER TRIMESTRE | AB2: SEGUNDO TRIMESTRE | AC2: TERCER TRIMESTRE | AD2: CUARTO TRIMESTRE | AE2: PRIMER TRIMESTRE | AF2: SEGUNDO TRIMESTRE | AG2: TERCER TRIMESTRE | AH2: CUARTO TRIMESTRE | AI2: PRIMER TRIMESTRE | AJ2: SEGUNDO TRIMESTRE | AK2: TERCER TRIMESTRE | AL2: CUARTO TRIMESTRE | AM2: PRIMER TRIMESTRE | AN2: SEGUNDO TRIMESTRE | AO2: TERCER TRIMESTRE | AP2: CUARTO TRIMESTRE | AQ2: PRIMER TRIMESTRE | AR2: SEGUNDO TRIMESTRE | AS2: TERCER TRIMESTRE | AT2: CUARTO TRIMESTRE | AU2: PRIMER TRIMESTRE | AV2: SEGUNDO TRIMESTRE | AW2: TERCER TRIMESTRE | AX2: CUARTO TRIMESTRE | AY2: PRIMER TRIMESTRE | AZ2: SEGUNDO TRIMESTRE | BA2: TERCER TRIMESTRE | BB2: CUARTO TRIMESTRE | BC2: PRIMER TRIMESTRE | BD2: SEGUNDO TRIMESTRE | BE2: TERCER TRIMESTRE | BF2: CUARTO TRIMESTRE | BG2: PRIMER TRIMESTRE | BH2: SEGUNDO TRIMESTRE | BI2: TERCER TRIMESTRE | BJ2: CUARTO TRIMESTRE | BK2: PRIMER TRIMESTRE | BL2: SEGUNDO TRIMESTRE | BM2: TERCER TRIMESTRE | BN2: CUARTO TRIMESTRE | BO2: PRIMER TRIMESTRE | BP2: SEGUNDO TRIMESTRE | BQ2: TERCER TRIMESTRE | BR2: CUARTO TRIMESTRE | BS2: PRIMER TRIMESTRE | BT2: SEGUNDO TRIMESTRE | BU2: TERCER TRIMESTRE | BV2: CUARTO TRIMESTRE
A3: REGION 11 CHOROTEGA NORTE | B3: D-84 UPALA | D3: 125 | L3: 100 | T3: 51 | AE3: 100 | AJ3: 0 | BD3: 1 | BH3: 1 | BK3: 1 | BL3: 1 | BO3: 1 | BP3: 1 | BS3: 1 | BT3: 1
B4: D-85 LOS CHILES | D4: 156 | L4: 118 | T4: 117 | AE4: 127 | AJ4: 0 | BD4: 1 | BH4: 1 | BK4: 1 | BL4: 1 | BO4: 1 | BP4: 2 | BS4: 1 | BT4: 0
C5: 0 | D5: 0 | E5: =SUM(E3:E4) -> 0 | F5: =SUM(F3:F4) -> 0 | G5: 0 | H5: 0 | I5: 0 | J5: 0 | K5: =SUM(K3:K4) -> 0 | L5: =SUM(L3:L4) -> 218 | M5: =SUM(M3:M4) -> 0 | N5: =SUM(N3:N4) -> 0 | O5: =SUM(O3:O4) -> 0 | P5: =SUM(P3:P4) -> 0 | Q5: =SUM(Q3:Q4) -> 0 | R5: =SUM(R3:R4) -> 0 | ... BB5: =SUM(BB3:BB4) -> 0 | BK5: =SUM(BK3:BK4) -> 2 | BL5: =SUM(BL3:BL4) -> 2 | BM5: =SUM(BM3:BM4) -> 0 | BN5: =SUM(BN3:BN4) -> 0 | BO5: =SUM(BO3:BO4) -> 2 | BP5: =SUM(BP3:BP4) -> 3 | BQ5: =SUM(BQ3:BQ4) -> 0 | BR5: =SUM(BR3:BR4) -> 0 | ... BV5: =SUM(BV3:BV4) -> 0
B6: TOTAL | C6: =SUM(C5+D5+E5+F5) -> 0 | G6: =SUM(G5+H5+I5+J5) -> 0 | K6: =SUM(K5+L5+M5+N5) -> 218 | O6: =SUM(O5+P5+Q5+R5) -> 0 | S6: =SUM(S5+T5+U5+V5) -> 168 | W6: =SUM(W5+X5+Y5+Z5) -> 0 | AA6: =SUM(AA5+AB5+AC5+AD5) -> 0 | AE6: =SUM(AE5:AH5) -> 227 | AI6: =SUM(AI5+AJ5+AK5+AL5) -> 0 | AM6: =SUM(AM5+AN5+AO5+AP5) -> 0 | AQ6: =SUM(AQ5+AR5+AS5+AT5) -> 0 | AU6: =SUM(AU5:AX5) -> 0 | AY6: =SUM(AY5:BB5) -> 0 | BC6: 1 | BG6: 1 | BK6: =SUM(BK5:BN5) -> 4 | BO6: =SUM(BO5:BR5) -> 5 | BS6: =SUM(BS5:BV5) -> 3

Sheet REGION 12 CARIBE
A1: REGION | B1: DELEGACION POLICIAL | C1: ACTIVIDAD 1 CHARLA PREVENCIÓN DE LA VIOLENCIA EN RELACIONES DE PAREJA EJE 1 PLANOVI (JOVENES ADOLESCENTES) EJECUTAR MES DE MAYO LÍNEA BASE 125 PERSONAS | G1: ACTIVIDAD 2 CHARLA PREVENCIÓN DE LA VIOLENCIA DOMÉSTICA E INTRAFAMILIAR EJE 1 PLANOVI (PERSONAS ADULTAS) EJECUTAR MES DE AGOSTO LINEA BASE 25 PERSONAS | K1: ACTIVIDAD 3 CHARLA PREVENCIÓN DE LA MASCULINIDAD POR LA IGUALDAD EJE 2 PLANOVI (JOVENES Y ADOLESCENTES) EJECUTAR MES DE MAYO LÍNEA BASE 100 PERSONAS | O1: ACTIVIDAD 4 CHARLA PREVENCIÓN DE LA MASCULINIDAD POR LA IGUALDAD ADULTOS EJE 2 PLANOVI (COMUNIDAD) EJECUTAR MES DE AGOSTO LÍNEA BASE 15 PERSONAS | S1: ACTIVIDAD 5 CHARLA TRATA DE PERSONAS JOVENES ADOLESCENTES EJE 1 CONATT EJECUTAR MES DE MAYO LÍNEA BASE 50 PERSONAS | W1: ACTIVIDAD 6 CHARLA TRATA DE PERSONAS ADULTOS COMUNIDADES EJE 1 CONATT EJECUTAR MES DE AGOSTO LÍNEA BASE 10 PARTICIPANTES | AA1: ACTIVIDAD 7 CHARLA PREVENCIÓN DEL FEMICIDIO Y DIVULGACION COMITES CLAIS PERSONAS ADULTAS EJE 6 PLANOVI EJECUTAR MES DE OCTUBRE LÍNEA BASE 15 | AE1: ACTIVIDAD 8 ESTRATEGIA DE COMUNICACIÓN EJE 1 PLANOVI PREVENCION DE LA VIOLENCIA CONTRA LAS MUJERES EJECUTAR MES DE MARZO LÍNEA BASE 100 PERSONAS | AI1: ACTIVIDAD 9 ESTRATEGIA DE COMUNICACIÓN EJE 2 PLANOVI MASCULINIDAD POR LA IGUALDAD EJECUTAR MES DE JUNIO LÍNEA BASE 100 PERSONAS | AM1: ACTIVIDAD 10 ESTRATEGIA DE COMUNICACIÓN EJE 5 PLANOVI PREVENCIÓN, ATENCIÓN INTEGRAL Y NO-REVICTIMIZACIÓN FRENTE A LA VIOLENCIA SEXUAL EJECUTAR MES DE SETIEMBRE LÍNEA BASE 100 PERSONAS | AQ1: ACTIVIDAD 11 ESTRATEGIA DE COMUNICACIÓN EJE 6 PLANOVI PREVENCIÓN DEL FEMICIDIO EJECUTAR MES DE NOVIEMBRE LÍNEA BASE 100 PERSONAS | AU1: ACTIVIDAD 12 ESTRATEGIA DE COMUNICACIÓN EJE 1 CONATT CONTRA LA TRATA DE PERSONAS EJECUTAR MES DE JULIO LÍNEA BASE 100 PERSONAS | AY1: ACTIVIDAD 13 ESTRATEGIA DE COMUNICACIÓN EJE 1 CONATT TRAFICO ILICITO PERSONAS MIGRANTES EJECUTAR MES DE DICIEMBRE LÍNEA BASE 100 PERSONAS | BC1: ACTIVIDAD 14 ESTRATEGIA DE COMUNICACIÓN JUSTICIA RESTAURATIVA EJECUTAR MES DE ABRIL 50% COMITÉS SEGURIDAD COMUNITARIA | BG1: ACTIVIDAD 15 ESTRATEGIA DE COMUNICACIÓN JUSTICIA RESTAURATIVA EJECUTAR MES DE ABRIL 50% COMERCIOS | BK1: ACTIVIDAD 16 REPRESENTACION INSTITUCIONAL REDES CONTRA LA VIOLENCIA INTRAFAMILIAR PLANOVI CANTIDAD DE PARTICIPACIÓN POR TRIMESTRE | BO1: ACTIVIDAD 17 REPRESENTACION INSTITUCIONAL SUBSISTEMA LOCAL NIÑEZ Y ADOLESCENCIA (PANI) CANTIDAD DE PARTICIPACIÓN POR TRIMESTRE | BS1: ACTIVIDAD 18 REPRESENTACION INSTITUCIONAL COMITÉ LOCAL CLAIS (PODER JUDICIAL-INAMU-FUERZA PUBLICA) CANTIDAD DE PARTICIPACIÓN POR TRIMESTRE
C2: PRIMER TRIMESTRE | D2: SEGUNDO TRIMESTRE | E2: TERCER TRIMESTRE | F2: CUARTO TRIMESTRE | G2: PRIMER TRIMESTRE | H2: SEGUNDO TRIMESTRE | I2: TERCER TRIMESTRE | J2: CUARTO TRIMESTRE | K2: PRIMER TRIMESTRE | L2: SEGUNDO TRIMESTRE | M2: TERCER TRIMESTRE | N2: CUARTO TRIMESTRE | O2: PRIMER TRIMESTRE | P2: SEGUNDO TRIMESTRE | Q2: TERCER TRIMESTRE | R2: CUARTO TRIMESTRE | S2: PRIMER TRIMESTRE | T2: SEGUNDO TRIMESTRE | U2: TERCER TRIMESTRE | V2: CUARTO TRIMESTRE | W2: PRIMER TRIMESTRE | X2: SEGUNDO TRIMESTRE | Y2: TERCER TRIMESTRE | Z2: CUARTO TRIMESTRE | AA2: PRIMER TRIMESTRE | AB2: SEGUNDO TRIMESTRE | AC2: TERCER TRIMESTRE | AD2: CUARTO TRIMESTRE | AE2: PRIMER TRIMESTRE | AF2: SEGUNDO TRIMESTRE | AG2: TERCER TRIMESTRE | AH2: CUARTO TRIMESTRE | AI2: PRIMER TRIMESTRE | AJ2: SEGUNDO TRIMESTRE | AK2: TERCER TRIMESTRE | AL2: CUARTO TRIMESTRE | AM2: PRIMER TRIMESTRE | AN2: SEGUNDO TRIMESTRE | AO2: TERCER TRIMESTRE | AP2: CUARTO TRIMESTRE | AQ2: PRIMER TRIMESTRE | AR2: SEGUNDO TRIMESTRE | AS2: TERCER TRIMESTRE | AT2: CUARTO TRIMESTRE | AU2: PRIMER TRIMESTRE | AV2: SEGUNDO TRIMESTRE | AW2: TERCER TRIMESTRE | AX2: CUARTO TRIMESTRE | AY2: PRIMER TRIMESTRE | AZ2: SEGUNDO TRIMESTRE | BA2: TERCER TRIMESTRE | BB2: CUARTO TRIMESTRE | BC2: PRIMER TRIMESTRE | BD2: SEGUNDO TRIMESTRE | BE2: TERCER TRIMESTRE | BF2: CUARTO TRIMESTRE | BG2: PRIMER TRIMESTRE | BH2: SEGUNDO TRIMESTRE | BI2: TERCER TRIMESTRE | BJ2: CUARTO TRIMESTRE | BK2: PRIMER TRIMESTRE | BL2: SEGUNDO TRIMESTRE | BM2: TERCER TRIMESTRE | BN2: CUARTO TRIMESTRE | BO2: PRIMER TRIMESTRE | BP2: SEGUNDO TRIMESTRE | BQ2: TERCER TRIMESTRE | BR2: CUARTO TRIMESTRE | BS2: PRIMER TRIMESTRE | BT2: SEGUNDO TRIMESTRE | BU2: TERCER TRIMESTRE | BV2: CUARTO TRIMESTRE
A3: REGION 12 CARIBE | B3: D-58 SARAPIQUI | D3: 125 | L3: 109 | T3: 50 | AE3: 114 | AJ3: 0 | BD3: 1 | BH3: 1 | BK3: 2 | BL3: 1 | BP3: 1 | BT3: 1
B4: D-98 POCOCI NORTE | D4: 150 | L4: 150 | T4: 75 | AE4: 194 | AJ4: 0 | BD4: 1 | BH4: 1 | BL4: 1 | BO4: 2 | BP4: 2 | BT4: 0
B5: D-89 POCOCI SUR | D5: 125 | L5: 105 | T5: 105 | AE5: 128 | AJ5: 0 | BD5: 1 | BH5: 1 | BK5: 1 | BL5: 2 | BO5: 2 | BP5: 2 | BT5: 1
B6: D-93 GUACIMO | D6: 121 | L6: 120 | T6: 50 | AE6: 374 | AJ6: 0 | BD6: 1 | BH6: 1 | BL6: 0 | BP6: 0 | BT6: 0
C7: =SUM(C3:C6) -> 0 | D7: =SUM(D3:D6) -> 521 | E7: =SUM(E3:E6) -> 0 | F7: 0 | G7: 0 | H7: =SUM(H3:H6) -> 0 | I7: 0 | J7: 0 | K7: =SUM(K3:K6) -> 0 | L7: =SUM(L3:L6) -> 484 | M7: =SUM(M3:M6) -> 0 | N7: =SUM(N3:N6) -> 0 | O7: =SUM(O3:O6) -> 0 | P7: =SUM(P3:P6) -> 0 | Q7: =SUM(Q3:Q6) -> 0 | R7: =SUM(R3:R6) -> 0 | ... BB7: =SUM(BB3:BB6) -> 0 | BK7: =SUM(BK3:BK6) -> 3 | BL7: =SUM(BL3:BL6) -> 4 | BM7: =SUM(BM3:BM6) -> 0 | BN7: =SUM(BN3:BN6) -> 0 | BO7: =SUM(BO3:BO6) -> 4 | BP7: =SUM(BP3:BP6) -> 5 | BQ7: =SUM(BQ3:BQ6) -> 0 | BR7: =SUM(BR3:BR6) -> 0 | ... BV7: =SUM(BV3:BV6) -> 0
B8: TOTAL | C8: =SUM(C7+D7+E7+F7) -> 521 | G8: =SUM(G7+H7+I7+J7) -> 0 | K8: =SUM(K7+L7+M7+N7) -> 484 | O8: =SUM(O7+P7+Q7+R7) -> 0 | S8: =SUM(S7+T7+U7+V7) -> 280 | W8: =SUM(W7+X7+Y7+Z7) -> 0 | AA8: =SUM(AA7+AB7+AC7+AD7) -> 0 | AE8: =SUM(AE7:AH7) -> 810 | AI8: =SUM(AI7+AJ7+AK7+AL7) -> 0 | AM8: =SUM(AM7+AN7+AO7+AP7) -> 0 | AQ8: =SUM(AQ7+AR7+AS7+AT7) -> 0 | AU8: =SUM(AU7:AX7) -> 0 | AY8: =SUM(AY7:BB7) -> 0 | BC8: 1 | BG8: 1 | BK8: =SUM(BK7:BN7) -> 7 | BO8: =SUM(BO7:BR7) -> 9 | BS8: =SUM(BS7:BV7) -> 2

Sheet TOTAL GENERAL
B1: META POR CUMPLIR A NIVEL NACIONAL | C1: TOTAL PARTICIPANTES PRIMER TRIMESTRE | D1: TOTAL PARTICIPANTES SEGUNDO TRIMESTRE | E1: TOTAL PARTICIPANTES TERCER TRIMESTRE | F1: TOTAL PARTICIPANTES CUARTO TRIMESTRE | G1: TOTAL CUMPLIDO | H1: DIFERENCIA POR CUMPLIR | I1: CUMPLIMIENTO PRIMER SEMESTRE | J1: CUMPLIMIENTO SEGUNDO SEMESTRE
A2: ACTIVIDAD 1 CHARLA PREVENCIÓN DE LA VIOLENCIA EN RELACIONES DE PAREJA EJE 1 PLANOVI (JOVENES ADOLESCENTES) EJECUTAR MES DE MAYO LÍNEA BASE 100 PERSONAS | B2: 12250 | C2: =SUM('REGION 1 SAN JOSÉ CENTRAL'!C13+'REGIÓN 1 SAN JOSÉ NORTE'!C9+'REGIÓN 1 SAN JOSÉ SUR'!C13+'REGION 2 ALAJUELA'!C14+'REGION 3 CARTAGO'!C15+'REGION 4 HEREDIA'!C12+'REGION 5 CHOROTEGA'!C14+'REGION 6 PAC CENTRAL'!C11+'REGION 7 BRUNCA'!C6+'REGION 8 HUETAR NORTE'!C8+'REGION 9 HUETAR ATLANTICA'!C7+'REGIÓN 10 BRUNCA SUR'!C7+'REGION 11 CHOROTEGA NORTE'!C5+'REGION 12 CARIBE'!C7) -> 0 | D2: =SUM('REGION 1 SAN JOSÉ CENTRAL'!D13+'REGIÓN 1 SAN JOSÉ NORTE'!D9+'REGIÓN 1 SAN JOSÉ SUR'!D13+'REGION 2 ALAJUELA'!D14+'REGION 3 CARTAGO'!D15+'REGION 4 HEREDIA'!D12+'REGION 5 CHOROTEGA'!D14+'REGION 6 PAC CENTRAL'!D11+'REGION 7 BRUNCA'!D6+'REGION 8 HUETAR NORTE'!D8+'REGION 9 HUETAR ATLANTICA'!D7+'REGIÓN 10 BRUNCA SUR'!D7+'REGION 11 CHOROTEGA NORTE'!D5+'REGION 12 CARIBE'!D7) -> 14719 | E2: =SUM('REGION 1 SAN JOSÉ CENTRAL'!E13+'REGIÓN 1 SAN JOSÉ NORTE'!E9+'REGIÓN 1 SAN JOSÉ SUR'!E13+'REGION 2 ALAJUELA'!E14+'REGION 3 CARTAGO'!E15+'REGION 4 HEREDIA'!E12+'REGION 5 CHOROTEGA'!E14+'REGION 6 PAC CENTRAL'!E11+'REGION 7 BRUNCA'!E6+'REGION 8 HUETAR NORTE'!E8+'REGION 9 HUETAR ATLANTICA'!E7+'REGIÓN 10 BRUNCA SUR'!E7+'REGION 11 CHOROTEGA NORTE'!E5+'REGION 12 CARIBE'!E7) -> 0 | F2: =SUM('REGION 1 SAN JOSÉ CENTRAL'!F13+'REGIÓN 1 SAN JOSÉ NORTE'!F9+'REGIÓN 1 SAN JOSÉ SUR'!F13+'REGION 2 ALAJUELA'!F14+'REGION 3 CARTAGO'!F15+'REGION 4 HEREDIA'!F12+'REGION 5 CHOROTEGA'!F14+'REGION 6 PAC CENTRAL'!F11+'REGION 7 BRUNCA'!F6+'REGION 8 HUETAR NORTE'!F8+'REGION 9 HUETAR ATLANTICA'!F7+'REGIÓN 10 BRUNCA SUR'!F7+'REGION 11 CHOROTEGA NORTE'!F5+'REGION 12 CARIBE'!F7) -> 0 | G2: =SUM(C2:F2) -> 14719 | H2: =SUM(G2-B2) -> 2469
A3: ACTIVIDAD 2 CHARLA PREVENCIÓN DE LA VIOLENCIA DOMÉSTICA E INTRAFAMILIAR EJE 1 PLANOVI (PERSONAS ADULTAS) EJECUTAR MES DE AGOSTO LINEA BASE 25 PERSONAS | B3: 2940 | C3: =SUM('REGION 1 SAN JOSÉ CENTRAL'!G13+'REGIÓN 1 SAN JOSÉ NORTE'!G9+'REGIÓN 1 SAN JOSÉ SUR'!G13+'REGION 2 ALAJUELA'!G14+'REGION 3 CARTAGO'!G15+'REGION 4 HEREDIA'!G12+'REGION 5 CHOROTEGA'!G14+'REGION 6 PAC CENTRAL'!G11+'REGION 7 BRUNCA'!G6+'REGION 8 HUETAR NORTE'!G8+'REGION 9 HUETAR ATLANTICA'!G7+'REGIÓN 10 BRUNCA SUR'!G7+'REGION 11 CHOROTEGA NORTE'!G5+'REGION 12 CARIBE'!G7) -> 0 | D3: =SUM('REGION 1 SAN JOSÉ CENTRAL'!H13+'REGIÓN 1 SAN JOSÉ NORTE'!H9+'REGIÓN 1 SAN JOSÉ SUR'!H13+'REGION 2 ALAJUELA'!H14+'REGION 3 CARTAGO'!H15+'REGION 4 HEREDIA'!H12+'REGION 5 CHOROTEGA'!H14+'REGION 6 PAC CENTRAL'!H11+'REGION 7 BRUNCA'!H6+'REGION 8 HUETAR NORTE'!H8+'REGION 9 HUETAR ATLANTICA'!H7+'REGIÓN 10 BRUNCA SUR'!H7+'REGION 11 CHOROTEGA NORTE'!H5+'REGION 12 CARIBE'!H7) -> 0 | E3: =SUM('REGION 1 SAN JOSÉ CENTRAL'!I13+'REGIÓN 1 SAN JOSÉ NORTE'!I9+'REGIÓN 1 SAN JOSÉ SUR'!I13+'REGION 2 ALAJUELA'!I14+'REGION 3 CARTAGO'!I15+'REGION 4 HEREDIA'!I12+'REGION 5 CHOROTEGA'!I14+'REGION 6 PAC CENTRAL'!I11+'REGION 7 BRUNCA'!I6+'REGION 8 HUETAR NORTE'!I8+'REGION 9 HUETAR ATLANTICA'!I7+'REGIÓN 10 BRUNCA SUR'!I7+'REGION 11 CHOROTEGA NORTE'!I5+'REGION 12 CARIBE'!I7) -> 0 | F3: =SUM('REGION 1 SAN JOSÉ CENTRAL'!J13+'REGIÓN 1 SAN JOSÉ NORTE'!J9+'REGIÓN 1 SAN JOSÉ SUR'!J13+'REGION 2 ALAJUELA'!J14+'REGION 3 CARTAGO'!J15+'REGION 4 HEREDIA'!J12+'REGION 5 CHOROTEGA'!J14+'REGION 6 PAC CENTRAL'!J11+'REGION 7 BRUNCA'!J6+'REGION 8 HUETAR NORTE'!J8+'REGION 9 HUETAR ATLANTICA'!J7+'REGIÓN 10 BRUNCA SUR'!J7+'REGION 11 CHOROTEGA NORTE'!J5+'REGION 12 CARIBE'!J7) -> 0 | G3: =SUM(C3:F3) -> 0 | H3: =SUM(G3-B3) -> -2940
A4: ACTIVIDAD 3 CHARLA PREVENCIÓN DE LA MASCULINIDAD POR LA IGUALDAD EJE 2 PLANOVI (JOVENES Y ADOLESCENTES) EJECUTAR MES DE MAYO LÍNEA BASE 75 PERSONAS | B4: 9800 | C4: =SUM('REGION 1 SAN JOSÉ CENTRAL'!K13+'REGIÓN 1 SAN JOSÉ NORTE'!K9+'REGIÓN 1 SAN JOSÉ SUR'!K13+'REGION 2 ALAJUELA'!K14+'REGION 3 CARTAGO'!K15+'REGION 4 HEREDIA'!K12+'REGION 5 CHOROTEGA'!K14+'REGION 6 PAC CENTRAL'!K11+'REGION 7 BRUNCA'!K6+'REGION 8 HUETAR NORTE'!K8+'REGION 9 HUETAR ATLANTICA'!K7+'REGIÓN 10 BRUNCA SUR'!K7+'REGION 11 CHOROTEGA NORTE'!K5+'REGION 12 CARIBE'!K7) -> 0 | D4: =SUM('REGION 1 SAN JOSÉ CENTRAL'!L13+'REGIÓN 1 SAN JOSÉ NORTE'!L9+'REGIÓN 1 SAN JOSÉ SUR'!L13+'REGION 2 ALAJUELA'!L14+'REGION 3 CARTAGO'!L15+'REGION 4 HEREDIA'!L12+'REGION 5 CHOROTEGA'!L14+'REGION 6 PAC CENTRAL'!L11+'REGION 7 BRUNCA'!L6+'REGION 8 HUETAR NORTE'!L8+'REGION 9 HUETAR ATLANTICA'!L7+'REGIÓN 10 BRUNCA SUR'!L7+'REGION 11 CHOROTEGA NORTE'!L5+'REGION 12 CARIBE'!L7) -> 12419 | E4: =SUM('REGION 1 SAN JOSÉ CENTRAL'!M13+'REGIÓN 1 SAN JOSÉ NORTE'!M9+'REGIÓN 1 SAN JOSÉ SUR'!M13+'REGION 2 ALAJUELA'!M14+'REGION 3 CARTAGO'!M15+'REGION 4 HEREDIA'!M12+'REGION 5 CHOROTEGA'!M14+'REGION 6 PAC CENTRAL'!M11+'REGION 7 BRUNCA'!M6+'REGION 8 HUETAR NORTE'!M8+'REGION 9 HUETAR ATLANTICA'!M7+'REGIÓN 10 BRUNCA SUR'!M7+'REGION 11 CHOROTEGA NORTE'!M5+'REGION 12 CARIBE'!M7) -> 0 | F4: =SUM('REGION 1 SAN JOSÉ CENTRAL'!N13+'REGIÓN 1 SAN JOSÉ NORTE'!N9+'REGIÓN 1 SAN JOSÉ SUR'!N13+'REGION 2 ALAJUELA'!N14+'REGION 3 CARTAGO'!N15+'REGION 4 HEREDIA'!N12+'REGION 5 CHOROTEGA'!N14+'REGION 6 PAC CENTRAL'!N11+'REGION 7 BRUNCA'!N6+'REGION 8 HUETAR NORTE'!N8+'REGION 9 HUETAR ATLANTICA'!N7+'REGIÓN 10 BRUNCA SUR'!N7+'REGION 11 CHOROTEGA NORTE'!N5+'REGION 12 CARIBE'!N7) -> 0 | G4: =SUM(C4:F4) -> 12419 | H4: =SUM(G4-B4) -> 2619
A5: ACTIVIDAD 4 CHARLA PREVENCIÓN DE LA MASCULINIDAD POR LA IGUALDAD ADULTOS EJE 2 PLANOVI (COMUNIDAD) EJECUTAR MES DE AGOSTO LÍNEA BASE 15 PERSONAS | B5: 1960 | C5: =SUM('REGION 1 SAN JOSÉ CENTRAL'!O13+'REGIÓN 1 SAN JOSÉ NORTE'!O9+'REGIÓN 1 SAN JOSÉ SUR'!O13+'REGION 2 ALAJUELA'!O14+'REGION 3 CARTAGO'!O15+'REGION 4 HEREDIA'!O12+'REGION 5 CHOROTEGA'!O14+'REGION 6 PAC CENTRAL'!O11+'REGION 7 BRUNCA'!O6+'REGION 8 HUETAR NORTE'!O8+'REGION 9 HUETAR ATLANTICA'!O7+'REGIÓN 10 BRUNCA SUR'!O7+'REGION 11 CHOROTEGA NORTE'!O5+'REGION 12 CARIBE'!O7) -> 0 | D5: =SUM('REGION 1 SAN JOSÉ CENTRAL'!P13+'REGIÓN 1 SAN JOSÉ NORTE'!P9+'REGIÓN 1 SAN JOSÉ SUR'!P13+'REGION 2 ALAJUELA'!P14+'REGION 3 CARTAGO'!P15+'REGION 4 HEREDIA'!P12+'REGION 5 CHOROTEGA'!P14+'REGION 6 PAC CENTRAL'!P11+'REGION 7 BRUNCA'!P6+'REGION 8 HUETAR NORTE'!P8+'REGION 9 HUETAR ATLANTICA'!P7+'REGIÓN 10 BRUNCA SUR'!P7+'REGION 11 CHOROTEGA NORTE'!P5+'REGION 12 CARIBE'!P7) -> 0 | E5: =SUM('REGION 1 SAN JOSÉ CENTRAL'!Q13+'REGIÓN 1 SAN JOSÉ NORTE'!Q9+'REGIÓN 1 SAN JOSÉ SUR'!Q13+'REGION 2 ALAJUELA'!Q14+'REGION 3 CARTAGO'!Q15+'REGION 4 HEREDIA'!Q12+'REGION 5 CHOROTEGA'!Q14+'REGION 6 PAC CENTRAL'!Q11+'REGION 7 BRUNCA'!Q6+'REGION 8 HUETAR NORTE'!Q8+'REGION 9 HUETAR ATLANTICA'!Q7+'REGIÓN 10 BRUNCA SUR'!Q7+'REGION 11 CHOROTEGA NORTE'!Q5+'REGION 12 CARIBE'!Q7) -> 0 | F5: =SUM('REGION 1 SAN JOSÉ CENTRAL'!R13+'REGIÓN 1 SAN JOSÉ NORTE'!R9+'REGIÓN 1 SAN JOSÉ SUR'!R13+'REGION 2 ALAJUELA'!R14+'REGION 3 CARTAGO'!R15+'REGION 4 HEREDIA'!R12+'REGION 5 CHOROTEGA'!R14+'REGION 6 PAC CENTRAL'!R11+'REGION 7 BRUNCA'!R6+'REGION 8 HUETAR NORTE'!R8+'REGION 9 HUETAR ATLANTICA'!R7+'REGIÓN 10 BRUNCA SUR'!R7+'REGION 11 CHOROTEGA NORTE'!R5+'REGION 12 CARIBE'!R7) -> 0 | G5: =SUM(C5:F5) -> 0 | H5: =SUM(G5-B5) -> -1960
A6: ACTIVIDAD 5 CHARLA TRATA DE PERSONAS JOVENES ADOLESCENTES EJE 1 CONATT EJECUTAR MES DE MAYO LÍNEA BASE 50 PERSONAS | B6: 4900 | C6: =SUM('REGION 1 SAN JOSÉ CENTRAL'!S13+'REGIÓN 1 SAN JOSÉ NORTE'!S9+'REGIÓN 1 SAN JOSÉ SUR'!S13+'REGION 2 ALAJUELA'!S14+'REGION 3 CARTAGO'!S15+'REGION 4 HEREDIA'!S12+'REGION 5 CHOROTEGA'!S14+'REGION 6 PAC CENTRAL'!S11+'REGION 7 BRUNCA'!S6+'REGION 8 HUETAR NORTE'!S8+'REGION 9 HUETAR ATLANTICA'!S7+'REGIÓN 10 BRUNCA SUR'!S7+'REGION 11 CHOROTEGA NORTE'!S5+'REGION 12 CARIBE'!S7) -> 0 | D6: =SUM('REGION 1 SAN JOSÉ CENTRAL'!T13+'REGIÓN 1 SAN JOSÉ NORTE'!T9+'REGIÓN 1 SAN JOSÉ SUR'!T13+'REGION 2 ALAJUELA'!T14+'REGION 3 CARTAGO'!T15+'REGION 4 HEREDIA'!T12+'REGION 5 CHOROTEGA'!T14+'REGION 6 PAC CENTRAL'!T11+'REGION 7 BRUNCA'!T6+'REGION 8 HUETAR NORTE'!T8+'REGION 9 HUETAR ATLANTICA'!T7+'REGIÓN 10 BRUNCA SUR'!T7+'REGION 11 CHOROTEGA NORTE'!T5+'REGION 12 CARIBE'!T7) -> 8382 | E6: =SUM('REGION 1 SAN JOSÉ CENTRAL'!U13+'REGIÓN 1 SAN JOSÉ NORTE'!U9+'REGIÓN 1 SAN JOSÉ SUR'!U13+'REGION 2 ALAJUELA'!U14+'REGION 3 CARTAGO'!U15+'REGION 4 HEREDIA'!U12+'REGION 5 CHOROTEGA'!U14+'REGION 6 PAC CENTRAL'!U11+'REGION 7 BRUNCA'!U6+'REGION 8 HUETAR NORTE'!U8+'REGION 9 HUETAR ATLANTICA'!U7+'REGIÓN 10 BRUNCA SUR'!U7+'REGION 11 CHOROTEGA NORTE'!U5+'REGION 12 CARIBE'!U7) -> 0 | F6: =SUM('REGION 1 SAN JOSÉ CENTRAL'!V13+'REGIÓN 1 SAN JOSÉ NORTE'!V9+'REGIÓN 1 SAN JOSÉ SUR'!V13+'REGION 2 ALAJUELA'!V14+'REGION 3 CARTAGO'!V15+'REGION 4 HEREDIA'!V12+'REGION 5 CHOROTEGA'!V14+'REGION 6 PAC CENTRAL'!V11+'REGION 7 BRUNCA'!V6+'REGION 8 HUETAR NORTE'!V8+'REGION 9 HUETAR ATLANTICA'!V7+'REGIÓN 10 BRUNCA SUR'!V7+'REGION 11 CHOROTEGA NORTE'!V5+'REGION 12 CARIBE'!V7) -> 0 | G6: =SUM(C6:F6) -> 8382 | H6: =SUM(G6-B6) -> 3482
A7: ACTIVIDAD 6 CHARLA TRATA DE PERSONAS ADULTOS COMUNIDADES EJE 1 CONATT EJECUTAR MES DE AGOSTO LÍNEA BASE 10 PARTICIPANTES | B7: 1470 | C7: =SUM('REGIÓN 1 SAN JOSÉ NORTE'!W9+'REGIÓN 1 SAN JOSÉ SUR'!W13+'REGION 2 ALAJUELA'!W14+'REGION 3 CARTAGO'!W15+'REGION 4 HEREDIA'!W12+'REGION 5 CHOROTEGA'!W14+'REGION 6 PAC CENTRAL'!W11+'REGION 7 BRUNCA'!W6+'REGION 8 HUETAR NORTE'!W8+'REGION 9 HUETAR ATLANTICA'!W7+'REGIÓN 10 BRUNCA SUR'!W7+'REGION 11 CHOROTEGA NORTE'!W5+'REGION 12 CARIBE'!W7) -> 0 | D7: =SUM('REGIÓN 1 SAN JOSÉ NORTE'!X9+'REGIÓN 1 SAN JOSÉ SUR'!X13+'REGION 2 ALAJUELA'!X14+'REGION 3 CARTAGO'!X15+'REGION 4 HEREDIA'!X12+'REGION 5 CHOROTEGA'!X14+'REGION 6 PAC CENTRAL'!X11+'REGION 7 BRUNCA'!X6+'REGION 8 HUETAR NORTE'!X8+'REGION 9 HUETAR ATLANTICA'!X7+'REGIÓN 10 BRUNCA SUR'!X7+'REGION 11 CHOROTEGA NORTE'!X5+'REGION 12 CARIBE'!X7) -> 0 | E7: =SUM('REGIÓN 1 SAN JOSÉ NORTE'!Y9+'REGIÓN 1 SAN JOSÉ SUR'!Y13+'REGION 2 ALAJUELA'!Y14+'REGION 3 CARTAGO'!Y15+'REGION 4 HEREDIA'!Y12+'REGION 5 CHOROTEGA'!Y14+'REGION 6 PAC CENTRAL'!Y11+'REGION 7 BRUNCA'!Y6+'REGION 8 HUETAR NORTE'!Y8+'REGION 9 HUETAR ATLANTICA'!Y7+'REGIÓN 10 BRUNCA SUR'!Y7+'REGION 11 CHOROTEGA NORTE'!Y5+'REGION 12 CARIBE'!Y7) -> 0 | F7: =SUM('REGIÓN 1 SAN JOSÉ NORTE'!Z9+'REGIÓN 1 SAN JOSÉ SUR'!Z13+'REGION 2 ALAJUELA'!Z14+'REGION 3 CARTAGO'!Z15+'REGION 4 HEREDIA'!Z12+'REGION 5 CHOROTEGA'!Z14+'REGION 6 PAC CENTRAL'!Z11+'REGION 7 BRUNCA'!Z6+'REGION 8 HUETAR NORTE'!Z8+'REGION 9 HUETAR ATLANTICA'!Z7+'REGIÓN 10 BRUNCA SUR'!Z7+'REGION 11 CHOROTEGA NORTE'!Z5+'REGION 12 CARIBE'!Z7) -> 0 | G7: =SUM(C7:F7) -> 0 | H7: =SUM(G7-B7) -> -1470
A8: ACTIVIDAD 7 CHARLA PREVENCIÓN DEL FEMICIDIO Y DIVULGACION COMITES CLAIS PERSONAS ADULTAS EJE 6 PLANOVI EJECUTAR MES DE OCTUBRE LÍNEA BASE 15 | B8: 1960 | C8: =SUM('REGION 1 SAN JOSÉ CENTRAL'!AA13+'REGIÓN 1 SAN JOSÉ NORTE'!AA9+'REGIÓN 1 SAN JOSÉ SUR'!AA13+'REGION 2 ALAJUELA'!AA14+'REGION 3 CARTAGO'!AA15+'REGION 4 HEREDIA'!AA12+'REGION 5 CHOROTEGA'!AA14+'REGION 6 PAC CENTRAL'!AA11+'REGION 7 BRUNCA'!AA6+'REGION 8 HUETAR NORTE'!AA8+'REGION 9 HUETAR ATLANTICA'!AA7+'REGIÓN 10 BRUNCA SUR'!AA7+'REGION 11 CHOROTEGA NORTE'!AA5+'REGION 12 CARIBE'!AA7) -> 0 | D8: =SUM('REGION 1 SAN JOSÉ CENTRAL'!AB13+'REGIÓN 1 SAN JOSÉ NORTE'!AB9+'REGIÓN 1 SAN JOSÉ SUR'!AB13+'REGION 2 ALAJUELA'!AB14+'REGION 3 CARTAGO'!AB15+'REGION 4 HEREDIA'!AB12+'REGION 5 CHOROTEGA'!AB14+'REGION 6 PAC CENTRAL'!AB11+'REGION 7 BRUNCA'!AB6+'REGION 8 HUETAR NORTE'!AB8+'REGION 9 HUETAR ATLANTICA'!AB7+'REGIÓN 10 BRUNCA SUR'!AB7+'REGION 11 CHOROTEGA NORTE'!AB5+'REGION 12 CARIBE'!AB7) -> 5 | E8: =SUM('REGION 1 SAN JOSÉ CENTRAL'!AC13+'REGIÓN 1 SAN JOSÉ NORTE'!AC9+'REGIÓN 1 SAN JOSÉ SUR'!AC13+'REGION 2 ALAJUELA'!AC14+'REGION 3 CARTAGO'!AC15+'REGION 4 HEREDIA'!AC12+'REGION 5 CHOROTEGA'!AC14+'REGION 6 PAC CENTRAL'!AC11+'REGION 7 BRUNCA'!AC6+'REGION 8 HUETAR NORTE'!AC8+'REGION 9 HUETAR ATLANTICA'!AC7+'REGIÓN 10 BRUNCA SUR'!AC7+'REGION 11 CHOROTEGA NORTE'!AC5+'REGION 12 CARIBE'!AC7) -> 0 | F8: =SUM('REGION 1 SAN JOSÉ CENTRAL'!AD13+'REGIÓN 1 SAN JOSÉ NORTE'!AD9+'REGIÓN 1 SAN JOSÉ SUR'!AD13+'REGION 2 ALAJUELA'!AD14+'REGION 3 CARTAGO'!AD15+'REGION 4 HEREDIA'!AD12+'REGION 5 CHOROTEGA'!AD14+'REGION 6 PAC CENTRAL'!AD11+'REGION 7 BRUNCA'!AD6+'REGION 8 HUETAR NORTE'!AD8+'REGION 9 HUETAR ATLANTICA'!AD7+'REGIÓN 10 BRUNCA SUR'!AD7+'REGION 11 CHOROTEGA NORTE'!AD5+'REGION 12 CARIBE'!AD7) -> 0 | G8: =SUM(C8:F8) -> 5 | H8: =SUM(G8-B8) -> -1955
A9: ACTIVIDAD 8 ESTRATEGIA DE COMUNICACIÓN EJE 1 PLANOVI PREVENCION DE LA VIOLENCIA CONTRA LAS MUJERES EJECUTAR MES DE MARZO LÍNEA BASE 100 PERSONAS | B9: 9800 | C9: =SUM('REGION 1 SAN JOSÉ CENTRAL'!AE13+'REGIÓN 1 SAN JOSÉ NORTE'!AE9+'REGIÓN 1 SAN JOSÉ SUR'!AE13+'REGION 2 ALAJUELA'!AE14+'REGION 3 CARTAGO'!AE15+'REGION 4 HEREDIA'!AE12+'REGION 5 CHOROTEGA'!AE14+'REGION 6 PAC CENTRAL'!AE11+'REGION 7 BRUNCA'!AE6+'REGION 8 HUETAR NORTE'!AE8+'REGION 9 HUETAR ATLANTICA'!AE7+'REGIÓN 10 BRUNCA SUR'!AE7+'REGION 11 CHOROTEGA NORTE'!AE5+'REGION 12 CARIBE'!AE7) -> 24367 | D9: =SUM('REGION 1 SAN JOSÉ CENTRAL'!AF13+'REGIÓN 1 SAN JOSÉ NORTE'!AF9+'REGIÓN 1 SAN JOSÉ SUR'!AF13+'REGION 2 ALAJUELA'!AF14+'REGION 3 CARTAGO'!AF15+'REGION 4 HEREDIA'!AF12+'REGION 5 CHOROTEGA'!AF14+'REGION 6 PAC CENTRAL'!AF11+'REGION 7 BRUNCA'!AF6+'REGION 8 HUETAR NORTE'!AF8+'REGION 9 HUETAR ATLANTICA'!AF7+'REGIÓN 10 BRUNCA SUR'!AF7+'REGION 11 CHOROTEGA NORTE'!AF5+'REGION 12 CARIBE'!AF7) -> 45 | E9: =SUM('REGION 1 SAN JOSÉ CENTRAL'!AG13+'REGIÓN 1 SAN JOSÉ NORTE'!AG9+'REGIÓN 1 SAN JOSÉ SUR'!AG13+'REGION 2 ALAJUELA'!AG14+'REGION 3 CARTAGO'!AG15+'REGION 4 HEREDIA'!AG12+'REGION 5 CHOROTEGA'!AG14+'REGION 6 PAC CENTRAL'!AG11+'REGION 7 BRUNCA'!AG6+'REGION 8 HUETAR NORTE'!AG8+'REGION 9 HUETAR ATLANTICA'!AG7+'REGIÓN 10 BRUNCA SUR'!AG7+'REGION 11 CHOROTEGA NORTE'!AG5+'REGION 12 CARIBE'!AG7) -> 0 | F9: =SUM('REGION 1 SAN JOSÉ CENTRAL'!AH13+'REGIÓN 1 SAN JOSÉ NORTE'!AH9+'REGIÓN 1 SAN JOSÉ SUR'!AH13+'REGION 2 ALAJUELA'!AH14+'REGION 3 CARTAGO'!AH15+'REGION 4 HEREDIA'!AH12+'REGION 5 CHOROTEGA'!AH14+'REGION 6 PAC CENTRAL'!AH11+'REGION 7 BRUNCA'!AH6+'REGION 8 HUETAR NORTE'!AH8+'REGION 9 HUETAR ATLANTICA'!AH7+'REGIÓN 10 BRUNCA SUR'!AH7+'REGION 11 CHOROTEGA NORTE'!AH5+'REGION 12 CARIBE'!AH7) -> 0 | G9: =SUM(C9:F9) -> 24412 | H9: =SUM(G9-B9) -> 14612
A10: ACTIVIDAD 9 ESTRATEGIA DE COMUNICACIÓN EJE 2 PLANOVI MASCULINIDAD POR LA IGUALDAD EJECUTAR MES DE JUNIO LÍNEA BASE 100 PERSONAS | B10: 9800 | C10: =SUM('REGION 1 SAN JOSÉ CENTRAL'!AI13+'REGIÓN 1 SAN JOSÉ NORTE'!AI9+'REGIÓN 1 SAN JOSÉ SUR'!AI13+'REGION 2 ALAJUELA'!AI14+'REGION 3 CARTAGO'!AI15+'REGION 4 HEREDIA'!AI12+'REGION 5 CHOROTEGA'!AI14+'REGION 6 PAC CENTRAL'!AI11+'REGION 7 BRUNCA'!AI6+'REGION 8 HUETAR NORTE'!AI8+'REGION 9 HUETAR ATLANTICA'!AI7+'REGIÓN 10 BRUNCA SUR'!AI7+'REGION 11 CHOROTEGA NORTE'!AI5+'REGION 12 CARIBE'!AI7) -> 0 | D10: =SUM('REGION 1 SAN JOSÉ CENTRAL'!AJ13+'REGIÓN 1 SAN JOSÉ NORTE'!AJ9+'REGIÓN 1 SAN JOSÉ SUR'!AJ13+'REGION 2 ALAJUELA'!AJ14+'REGION 3 CARTAGO'!AJ15+'REGION 4 HEREDIA'!AJ12+'REGION 5 CHOROTEGA'!AJ14+'REGION 6 PAC CENTRAL'!AJ11+'REGION 7 BRUNCA'!AJ6+'REGION 8 HUETAR NORTE'!AJ8+'REGION 9 HUETAR ATLANTICA'!AJ7+'REGIÓN 10 BRUNCA SUR'!AJ7+'REGION 11 CHOROTEGA NORTE'!AJ5+'REGION 12 CARIBE'!AJ7) -> 2859 | E10: =SUM('REGION 1 SAN JOSÉ CENTRAL'!AK13+'REGIÓN 1 SAN JOSÉ NORTE'!AK9+'REGIÓN 1 SAN JOSÉ SUR'!AK13+'REGION 2 ALAJUELA'!AK14+'REGION 3 CARTAGO'!AK15+'REGION 4 HEREDIA'!AK12+'REGION 5 CHOROTEGA'!AK14+'REGION 6 PAC CENTRAL'!AK11+'REGION 7 BRUNCA'!AK6+'REGION 8 HUETAR NORTE'!AK8+'REGION 9 HUETAR ATLANTICA'!AK7+'REGIÓN 10 BRUNCA SUR'!AK7+'REGION 11 CHOROTEGA NORTE'!AK5+'REGION 12 CARIBE'!AK7) -> 3009 | F10: =SUM('REGION 1 SAN JOSÉ CENTRAL'!AL13+'REGIÓN 1 SAN JOSÉ NORTE'!AL9+'REGIÓN 1 SAN JOSÉ SUR'!AL13+'REGION 2 ALAJUELA'!AL14+'REGION 3 CARTAGO'!AL15+'REGION 4 HEREDIA'!AL12+'REGION 5 CHOROTEGA'!AL14+'REGION 6 PAC CENTRAL'!AL11+'REGION 7 BRUNCA'!AL6+'REGION 8 HUETAR NORTE'!AL8+'REGION 9 HUETAR ATLANTICA'!AL7+'REGIÓN 10 BRUNCA SUR'!AL7+'REGION 11 CHOROTEGA NORTE'!AL5+'REGION 12 CARIBE'!AL7) -> 0 | G10: =SUM(C10:F10) -> 5868 | H10: =SUM(G10-B10) -> -3932
A11: ACTIVIDAD 10 ESTRATEGIA DE COMUNICACIÓN EJE 5 PLANOVI PREVENCIÓN, ATENCIÓN INTEGRAL Y NO-REVICTIMIZACIÓN FRENTE A LA VIOLENCIA SEXUAL EJECUTAR MES DE SETIEMBRE LÍNEA BASE 100 PERSONAS | B11: 9800 | C11: =SUM('REGION 1 SAN JOSÉ CENTRAL'!AM13+'REGIÓN 1 SAN JOSÉ NORTE'!AM9+'REGIÓN 1 SAN JOSÉ SUR'!AM13+'REGION 2 ALAJUELA'!AM14+'REGION 3 CARTAGO'!AM15+'REGION 4 HEREDIA'!AM12+'REGION 5 CHOROTEGA'!AM14+'REGION 6 PAC CENTRAL'!AM11+'REGION 7 BRUNCA'!AM6+'REGION 8 HUETAR NORTE'!AM8+'REGION 9 HUETAR ATLANTICA'!AM7+'REGIÓN 10 BRUNCA SUR'!AM7+'REGION 11 CHOROTEGA NORTE'!AM5+'REGION 12 CARIBE'!AM7) -> 0 | D11: =SUM('REGION 1 SAN JOSÉ CENTRAL'!AN13+'REGIÓN 1 SAN JOSÉ NORTE'!AN9+'REGIÓN 1 SAN JOSÉ SUR'!AN13+'REGION 2 ALAJUELA'!AN14+'REGION 3 CARTAGO'!AN15+'REGION 4 HEREDIA'!AN12+'REGION 5 CHOROTEGA'!AN14+'REGION 6 PAC CENTRAL'!AN11+'REGION 7 BRUNCA'!AN6+'REGION 8 HUETAR NORTE'!AN8+'REGION 9 HUETAR ATLANTICA'!AN7+'REGIÓN 10 BRUNCA SUR'!AN7+'REGION 11 CHOROTEGA NORTE'!AN5+'REGION 12 CARIBE'!AN7) -> 0 | E11: =SUM('REGION 1 SAN JOSÉ CENTRAL'!AO13+'REGIÓN 1 SAN JOSÉ NORTE'!AO9+'REGIÓN 1 SAN JOSÉ SUR'!AO13+'REGION 2 ALAJUELA'!AO14+'REGION 3 CARTAGO'!AO15+'REGION 4 HEREDIA'!AO12+'REGION 5 CHOROTEGA'!AO14+'REGION 6 PAC CENTRAL'!AO11+'REGION 7 BRUNCA'!AO6+'REGION 8 HUETAR NORTE'!AO8+'REGION 9 HUETAR ATLANTICA'!AO7+'REGIÓN 10 BRUNCA SUR'!AO7+'REGION 11 CHOROTEGA NORTE'!AO5+'REGION 12 CARIBE'!AO7) -> 0 | F11: =SUM('REGION 1 SAN JOSÉ CENTRAL'!AP13+'REGIÓN 1 SAN JOSÉ NORTE'!AP9+'REGIÓN 1 SAN JOSÉ SUR'!AP13+'REGION 2 ALAJUELA'!AP14+'REGION 3 CARTAGO'!AP15+'REGION 4 HEREDIA'!AP12+'REGION 5 CHOROTEGA'!AP14+'REGION 6 PAC CENTRAL'!AP11+'REGION 7 BRUNCA'!AP6+'REGION 8 HUETAR NORTE'!AP8+'REGION 9 HUETAR ATLANTICA'!AP7+'REGIÓN 10 BRUNCA SUR'!AP7+'REGION 11 CHOROTEGA NORTE'!AP5+'REGION 12 CARIBE'!AP7) -> 0 | G11: =SUM(C11:F11) -> 0 | H11: =SUM(G11-B11) -> -9800
A12: ACTIVIDAD 11 ESTRATEGIA DE COMUNICACIÓN EJE 6 PLANOVI PREVENCIÓN DEL FEMICIDIO EJECUTAR MES DE NOVIEMBRE LÍNEA BASE 100 PERSONAS | B12: 9800 | C12: =SUM('REGION 1 SAN JOSÉ CENTRAL'!AQ13+'REGIÓN 1 SAN JOSÉ NORTE'!AQ9+'REGIÓN 1 SAN JOSÉ SUR'!AQ13+'REGION 2 ALAJUELA'!AQ14+'REGION 3 CARTAGO'!AQ15+'REGION 4 HEREDIA'!AQ12+'REGION 5 CHOROTEGA'!AQ14+'REGION 6 PAC CENTRAL'!AQ11+'REGION 7 BRUNCA'!AQ6+'REGION 8 HUETAR NORTE'!AQ8+'REGION 9 HUETAR ATLANTICA'!AQ7+'REGIÓN 10 BRUNCA SUR'!AQ7+'REGION 11 CHOROTEGA NORTE'!AQ5+'REGION 12 CARIBE'!AQ7) -> 0 | D12: =SUM('REGION 1 SAN JOSÉ CENTRAL'!AR13+'REGIÓN 1 SAN JOSÉ NORTE'!AR9+'REGIÓN 1 SAN JOSÉ SUR'!AR13+'REGION 2 ALAJUELA'!AR14+'REGION 3 CARTAGO'!AR15+'REGION 4 HEREDIA'!AR12+'REGION 5 CHOROTEGA'!AR14+'REGION 6 PAC CENTRAL'!AR11+'REGION 7 BRUNCA'!AR6+'REGION 8 HUETAR NORTE'!AR8+'REGION 9 HUETAR ATLANTICA'!AR7+'REGIÓN 10 BRUNCA SUR'!AR7+'REGION 11 CHOROTEGA NORTE'!AR5+'REGION 12 CARIBE'!AR7) -> 0 | E12: =SUM('REGION 1 SAN JOSÉ CENTRAL'!AS13+'REGIÓN 1 SAN JOSÉ NORTE'!AS9+'REGIÓN 1 SAN JOSÉ SUR'!AS13+'REGION 2 ALAJUELA'!AS14+'REGION 3 CARTAGO'!AS15+'REGION 4 HEREDIA'!AS12+'REGION 5 CHOROTEGA'!AS14+'REGION 6 PAC CENTRAL'!AS11+'REGION 7 BRUNCA'!AS6+'REGION 8 HUETAR NORTE'!AS8+'REGION 9 HUETAR ATLANTICA'!AS7+'REGIÓN 10 BRUNCA SUR'!AS7+'REGION 11 CHOROTEGA NORTE'!AS5+'REGION 12 CARIBE'!AS7) -> 0 | F12: =SUM('REGION 1 SAN JOSÉ CENTRAL'!AT13+'REGIÓN 1 SAN JOSÉ NORTE'!AT9+'REGIÓN 1 SAN JOSÉ SUR'!AT13+'REGION 2 ALAJUELA'!AT14+'REGION 3 CARTAGO'!AT15+'REGION 4 HEREDIA'!AT12+'REGION 5 CHOROTEGA'!AT14+'REGION 6 PAC CENTRAL'!AT11+'REGION 7 BRUNCA'!AT6+'REGION 8 HUETAR NORTE'!AT8+'REGION 9 HUETAR ATLANTICA'!AT7+'REGIÓN 10 BRUNCA SUR'!AT7+'REGION 11 CHOROTEGA NORTE'!AT5+'REGION 12 CARIBE'!AT7) -> 0 | G12: =SUM(C12:F12) -> 0 | H12: =SUM(G12-B12) -> -9800
A13: ACTIVIDAD 12 ESTRATEGIA DE COMUNICACIÓN EJE 1 CONATT CONTRA LA TRATA DE PERSONAS EJECUTAR MES DE JULIO LÍNEA BASE 100 PERSONAS | B13: 9800 | C13: =SUM('REGION 1 SAN JOSÉ CENTRAL'!AU13+'REGIÓN 1 SAN JOSÉ NORTE'!AU9+'REGIÓN 1 SAN JOSÉ SUR'!AU13+'REGION 2 ALAJUELA'!AU14+'REGION 3 CARTAGO'!AU15+'REGION 4 HEREDIA'!AU12+'REGION 5 CHOROTEGA'!AU14+'REGION 6 PAC CENTRAL'!AU11+'REGION 7 BRUNCA'!AU6+'REGION 8 HUETAR NORTE'!AU8+'REGION 9 HUETAR ATLANTICA'!AU7+'REGIÓN 10 BRUNCA SUR'!AU7+'REGION 11 CHOROTEGA NORTE'!AU5+'REGION 12 CARIBE'!AU7) -> 0 | D13: =SUM('REGION 1 SAN JOSÉ CENTRAL'!AV13+'REGIÓN 1 SAN JOSÉ NORTE'!AV9+'REGIÓN 1 SAN JOSÉ SUR'!AV13+'REGION 2 ALAJUELA'!AV14+'REGION 3 CARTAGO'!AV15+'REGION 4 HEREDIA'!AV12+'REGION 5 CHOROTEGA'!AV14+'REGION 6 PAC CENTRAL'!AV11+'REGION 7 BRUNCA'!AV6+'REGION 8 HUETAR NORTE'!AV8+'REGION 9 HUETAR ATLANTICA'!AV7+'REGIÓN 10 BRUNCA SUR'!AV7+'REGION 11 CHOROTEGA NORTE'!AV5+'REGION 12 CARIBE'!AV7) -> 0 | E13: =SUM('REGION 1 SAN JOSÉ CENTRAL'!AW13+'REGIÓN 1 SAN JOSÉ NORTE'!AW9+'REGIÓN 1 SAN JOSÉ SUR'!AW13+'REGION 2 ALAJUELA'!AW14+'REGION 3 CARTAGO'!AW15+'REGION 4 HEREDIA'!AW12+'REGION 5 CHOROTEGA'!AW14+'REGION 6 PAC CENTRAL'!AW11+'REGION 7 BRUNCA'!AW6+'REGION 8 HUETAR NORTE'!AW8+'REGION 9 HUETAR ATLANTICA'!AW7+'REGIÓN 10 BRUNCA SUR'!AW7+'REGION 11 CHOROTEGA NORTE'!AW5+'REGION 12 CARIBE'!AW7) -> 0 | F13: =SUM('REGION 1 SAN JOSÉ CENTRAL'!AX13+'REGIÓN 1 SAN JOSÉ NORTE'!AX9+'REGIÓN 1 SAN JOSÉ SUR'!AX13+'REGION 2 ALAJUELA'!AX14+'REGION 3 CARTAGO'!AX15+'REGION 4 HEREDIA'!AX12+'REGION 5 CHOROTEGA'!AX14+'REGION 6 PAC CENTRAL'!AX11+'REGION 7 BRUNCA'!AX6+'REGION 8 HUETAR NORTE'!AX8+'REGION 9 HUETAR ATLANTICA'!AX7+'REGIÓN 10 BRUNCA SUR'!AX7+'REGION 11 CHOROTEGA NORTE'!AX5+'REGION 12 CARIBE'!AX7) -> 0 | G13: =SUM(C13:F13) -> 0 | H13: =SUM(G13-B13) -> -9800
A14: ACTIVIDAD 13 ESTRATEGIA DE COMUNICACIÓN EJE 1 CONATT TRAFICO ILICITO PERSONAS MIGRANTES EJECUTAR MES DE DICIEMBRE LÍNEA BASE 100 PERSONAS | B14: 9800 | C14: =SUM('REGION 1 SAN JOSÉ CENTRAL'!AY13+'REGIÓN 1 SAN JOSÉ NORTE'!AY9+'REGIÓN 1 SAN JOSÉ SUR'!AY13+'REGION 2 ALAJUELA'!AY14+'REGION 3 CARTAGO'!AY15+'REGION 4 HEREDIA'!AY12+'REGION 5 CHOROTEGA'!AY14+'REGION 6 PAC CENTRAL'!AY11+'REGION 7 BRUNCA'!AY6+'REGION 8 HUETAR NORTE'!AY8+'REGION 9 HUETAR ATLANTICA'!AY7+'REGIÓN 10 BRUNCA SUR'!AY7+'REGION 11 CHOROTEGA NORTE'!AY5+'REGION 12 CARIBE'!AY7) -> 0 | D14: =SUM('REGION 1 SAN JOSÉ CENTRAL'!AZ13+'REGIÓN 1 SAN JOSÉ NORTE'!AZ9+'REGIÓN 1 SAN JOSÉ SUR'!AZ13+'REGION 2 ALAJUELA'!AZ14+'REGION 3 CARTAGO'!AZ15+'REGION 4 HEREDIA'!AZ12+'REGION 5 CHOROTEGA'!AZ14+'REGION 6 PAC CENTRAL'!AZ11+'REGION 7 BRUNCA'!AZ6+'REGION 8 HUETAR NORTE'!AZ8+'REGION 9 HUETAR ATLANTICA'!AZ7+'REGIÓN 10 BRUNCA SUR'!AZ7+'REGION 11 CHOROTEGA NORTE'!AZ5+'REGION 12 CARIBE'!AZ7) -> 0 | E14: =SUM('REGION 1 SAN JOSÉ CENTRAL'!BA13+'REGIÓN 1 SAN JOSÉ NORTE'!BA9+'REGIÓN 1 SAN JOSÉ SUR'!BA13+'REGION 2 ALAJUELA'!BA14+'REGION 3 CARTAGO'!BA15+'REGION 4 HEREDIA'!BA12+'REGION 5 CHOROTEGA'!BA14+'REGION 6 PAC CENTRAL'!BA11+'REGION 7 BRUNCA'!BA6+'REGION 8 HUETAR NORTE'!BA8+'REGION 9 HUETAR ATLANTICA'!BA7+'REGIÓN 10 BRUNCA SUR'!BA7+'REGION 11 CHOROTEGA NORTE'!BA5+'REGION 12 CARIBE'!BA7) -> 0 | F14: =SUM('REGION 1 SAN JOSÉ CENTRAL'!BB13+'REGIÓN 1 SAN JOSÉ NORTE'!BB9+'REGIÓN 1 SAN JOSÉ SUR'!BB13+'REGION 2 ALAJUELA'!BB14+'REGION 3 CARTAGO'!BB15+'REGION 4 HEREDIA'!BB12+'REGION 5 CHOROTEGA'!BB14+'REGION 6 PAC CENTRAL'!BB11+'REGION 7 BRUNCA'!BB6+'REGION 8 HUETAR NORTE'!BB8+'REGION 9 HUETAR ATLANTICA'!BB7+'REGIÓN 10 BRUNCA SUR'!BB7+'REGION 11 CHOROTEGA NORTE'!BB5+'REGION 12 CARIBE'!BB7) -> 0 | G14: =SUM(C14:F14) -> 0 | H14: =SUM(G14-B14) -> -9800
A15: ACTIVIDAD 14 ESTRATEGIA DE COMUNICACIÓN JUSTICIA RESTAURATIVA EJECUTAR MES DE ABRIL LÍNEA BASE 50% COMITÉS DE SEGURIDAD COMUNITARIA A NIVEL LOCAL | C15: {=SUM('REGION 1 SAN JOSÉ CENTRAL'!BC13+'REGIÓN 1 SAN JOSÉ NORTE'!BC9+'REGIÓN 1 SAN JOSÉ SUR'!BC13+'REGION 2 ALAJUELA'!BC14+'REGION 3 CARTAGO'!BC15+'REGION 4 HEREDIA'!BC12+'REGION 5 CHOROTEGA'!BC14+'REGION 6 PAC CENTRAL'!BC11+'REGION 7 BRUNCA'!BC6+'REGION 8 HUETAR NORTE'!BC8+'REGION 9 HUETAR ATLANTICA'!BC7+'REGIÓN 10 BRUNCA SUR'!BC7+'REGION 11 CHOROTEGA NORTE'!BC5+'REGION 12 CARIBE'!BC7:BC8)} -> 3 | D15: {=SUM('REGION 1 SAN JOSÉ CENTRAL'!BD13+'REGIÓN 1 SAN JOSÉ NORTE'!BD9+'REGIÓN 1 SAN JOSÉ SUR'!BD13+'REGION 2 ALAJUELA'!BD14+'REGION 3 CARTAGO'!BD15+'REGION 4 HEREDIA'!BD12+'REGION 5 CHOROTEGA'!BD14+'REGION 6 PAC CENTRAL'!BD11+'REGION 7 BRUNCA'!BD6+'REGION 8 HUETAR NORTE'!BD8+'REGION 9 HUETAR ATLANTICA'!BD7+'REGIÓN 10 BRUNCA SUR'!BD7+'REGION 11 CHOROTEGA NORTE'!#REF!+'REGION 12 CARIBE'!BD7:BD8)} -> #REF! | E15: {=SUM('REGION 1 SAN JOSÉ CENTRAL'!BE13+'REGIÓN 1 SAN JOSÉ NORTE'!BE9+'REGIÓN 1 SAN JOSÉ SUR'!BE13+'REGION 2 ALAJUELA'!BE14+'REGION 3 CARTAGO'!BE15+'REGION 4 HEREDIA'!BE12+'REGION 5 CHOROTEGA'!BE14+'REGION 6 PAC CENTRAL'!BE11+'REGION 7 BRUNCA'!BE6+'REGION 8 HUETAR NORTE'!BE8+'REGION 9 HUETAR ATLANTICA'!BE7+'REGIÓN 10 BRUNCA SUR'!BE7+'REGION 11 CHOROTEGA NORTE'!BE5+'REGION 12 CARIBE'!BE7:BE8)} -> 0 | F15: {=SUM('REGION 1 SAN JOSÉ CENTRAL'!BF13+'REGIÓN 1 SAN JOSÉ NORTE'!BF9+'REGIÓN 1 SAN JOSÉ SUR'!BF13+'REGION 2 ALAJUELA'!BF14+'REGION 3 CARTAGO'!BF15+'REGION 4 HEREDIA'!BF12+'REGION 5 CHOROTEGA'!BF14+'REGION 6 PAC CENTRAL'!BF11+'REGION 7 BRUNCA'!BF6+'REGION 8 HUETAR NORTE'!BF8+'REGION 9 HUETAR ATLANTICA'!BF7+'REGIÓN 10 BRUNCA SUR'!BF7+'REGION 11 CHOROTEGA NORTE'!BF5+'REGION 12 CARIBE'!BF7:BF8)} -> 0 | G15: =SUM(C15:F15) -> #REF!
A16: ACTIVIDAD 15 ESTRATEGIA DE COMUNICACIÓN JUSTICIA RESTAURATIVA EJECUTAR MES DE ABRIL LÍNEA BASE 50% COMERCIOS A NIVEL LOCAL | C16: =SUM('REGION 1 SAN JOSÉ CENTRAL'!BG13+'REGIÓN 1 SAN JOSÉ NORTE'!BG9+'REGIÓN 1 SAN JOSÉ SUR'!BG13+'REGION 2 ALAJUELA'!BG14+'REGION 3 CARTAGO'!BG15+'REGION 4 HEREDIA'!BG12+'REGION 5 CHOROTEGA'!BG14+'REGION 6 PAC CENTRAL'!BG11+'REGION 7 BRUNCA'!BG6+'REGION 8 HUETAR NORTE'!BG8+'REGION 9 HUETAR ATLANTICA'!BG7+'REGIÓN 10 BRUNCA SUR'!BG7+'REGION 11 CHOROTEGA NORTE'!BG5+'REGION 12 CARIBE'!BG7) -> 1 | D16: =SUM('REGION 1 SAN JOSÉ CENTRAL'!BH13+'REGIÓN 1 SAN JOSÉ NORTE'!BH9+'REGIÓN 1 SAN JOSÉ SUR'!BH13+'REGION 2 ALAJUELA'!BH14+'REGION 3 CARTAGO'!BH15+'REGION 4 HEREDIA'!BH12+'REGION 5 CHOROTEGA'!BH14+'REGION 6 PAC CENTRAL'!BH11+'REGION 7 BRUNCA'!BH6+'REGION 8 HUETAR NORTE'!BH8+'REGION 9 HUETAR ATLANTICA'!BH7+'REGIÓN 10 BRUNCA SUR'!BH7+'REGION 11 CHOROTEGA NORTE'!BH5+'REGION 12 CARIBE'!BH7) -> 9 | E16: =SUM('REGION 1 SAN JOSÉ CENTRAL'!BI13+'REGIÓN 1 SAN JOSÉ NORTE'!BI9+'REGIÓN 1 SAN JOSÉ SUR'!BI13+'REGION 2 ALAJUELA'!BI14+'REGION 3 CARTAGO'!BI15+'REGION 4 HEREDIA'!BI12+'REGION 5 CHOROTEGA'!BI14+'REGION 6 PAC CENTRAL'!BI11+'REGION 7 BRUNCA'!BI6+'REGION 8 HUETAR NORTE'!BI8+'REGION 9 HUETAR ATLANTICA'!BI7+'REGIÓN 10 BRUNCA SUR'!BI7+'REGION 11 CHOROTEGA NORTE'!BI5+'REGION 12 CARIBE'!BI7) -> 0 | F16: =SUM('REGION 1 SAN JOSÉ CENTRAL'!BJ13+'REGIÓN 1 SAN JOSÉ NORTE'!BJ9+'REGIÓN 1 SAN JOSÉ SUR'!BJ13+'REGION 2 ALAJUELA'!BJ14+'REGION 3 CARTAGO'!BJ15+'REGION 4 HEREDIA'!BJ12+'REGION 5 CHOROTEGA'!BJ14+'REGION 6 PAC CENTRAL'!BJ11+'REGION 7 BRUNCA'!BJ6+'REGION 8 HUETAR NORTE'!BJ8+'REGION 9 HUETAR ATLANTICA'!BJ7+'REGIÓN 10 BRUNCA SUR'!BJ7+'REGION 11 CHOROTEGA NORTE'!BJ5+'REGION 12 CARIBE'!BJ7) -> 0 | G16: =SUM(C16:F16) -> 10
A17: ACTIVIDAD 16 REPRESENTACION INSTITUCIONAL REDES CONTRA LA VIOLENCIA INTRAFAMILIAR CANTIDAD DE PARTICIPACIÓN POR TRIMESTRE | B17: 0 | C17: =SUM('REGION 1 SAN JOSÉ CENTRAL'!BK13+'REGIÓN 1 SAN JOSÉ NORTE'!BK9+'REGIÓN 1 SAN JOSÉ SUR'!BK13+'REGION 2 ALAJUELA'!BK14+'REGION 3 CARTAGO'!BK15+'REGION 4 HEREDIA'!BK12+'REGION 5 CHOROTEGA'!BK14+'REGION 6 PAC CENTRAL'!BK11+'REGION 7 BRUNCA'!BK6+'REGION 8 HUETAR NORTE'!BK8+'REGION 9 HUETAR ATLANTICA'!BK7+'REGIÓN 10 BRUNCA SUR'!BK7+'REGION 11 CHOROTEGA NORTE'!BO5+'REGION 12 CARIBE'!BK7) -> 126 | D17: =SUM('REGION 1 SAN JOSÉ CENTRAL'!BL13+'REGIÓN 1 SAN JOSÉ NORTE'!BL9+'REGIÓN 1 SAN JOSÉ SUR'!BL13+'REGION 2 ALAJUELA'!BL14+'REGION 3 CARTAGO'!BL15+'REGION 4 HEREDIA'!BL12+'REGION 5 CHOROTEGA'!BL14+'REGION 6 PAC CENTRAL'!BL11+'REGION 7 BRUNCA'!BL6+'REGION 8 HUETAR NORTE'!BL8+'REGION 9 HUETAR ATLANTICA'!BL7+'REGIÓN 10 BRUNCA SUR'!BL7+'REGION 11 CHOROTEGA NORTE'!BP5+'REGION 12 CARIBE'!BL7) -> 170 | E17: =SUM('REGION 1 SAN JOSÉ CENTRAL'!BM13+'REGIÓN 1 SAN JOSÉ NORTE'!BM9+'REGIÓN 1 SAN JOSÉ SUR'!BM13+'REGION 2 ALAJUELA'!BM14+'REGION 3 CARTAGO'!BM15+'REGION 4 HEREDIA'!BM12+'REGION 5 CHOROTEGA'!BM14+'REGION 6 PAC CENTRAL'!BM11+'REGION 7 BRUNCA'!BM6+'REGION 8 HUETAR NORTE'!BM8+'REGION 9 HUETAR ATLANTICA'!BM7+'REGIÓN 10 BRUNCA SUR'!BM7+'REGION 11 CHOROTEGA NORTE'!BQ5+'REGION 12 CARIBE'!BM7) -> 0 | F17: =SUM('REGION 1 SAN JOSÉ CENTRAL'!BN13+'REGIÓN 1 SAN JOSÉ NORTE'!BN9+'REGIÓN 1 SAN JOSÉ SUR'!BN13+'REGION 2 ALAJUELA'!BN14+'REGION 3 CARTAGO'!BN15+'REGION 4 HEREDIA'!BN12+'REGION 5 CHOROTEGA'!BN14+'REGION 6 PAC CENTRAL'!BN11+'REGION 7 BRUNCA'!BN6+'REGION 8 HUETAR NORTE'!BN8+'REGION 9 HUETAR ATLANTICA'!BN7+'REGIÓN 10 BRUNCA SUR'!BN7+'REGION 11 CHOROTEGA NORTE'!BR5+'REGION 12 CARIBE'!BN7) -> 0 | G17: =SUM(C17:F17) -> 296
A18: ACTIVIDAD 17 REPRESENTACION INSTITUCIONAL SUBSISTEMA LOCAL NIÑEZ Y ADOLESCENCIA CANTIDAD DE PARTICIPACIÓN POR TRIMESTRE | B18: 0 | C18: =SUM('REGION 1 SAN JOSÉ CENTRAL'!BG13+'REGIÓN 1 SAN JOSÉ NORTE'!BO9+'REGIÓN 1 SAN JOSÉ SUR'!BO13+'REGION 2 ALAJUELA'!BO14+'REGION 3 CARTAGO'!BO15+'REGION 4 HEREDIA'!BO12+'REGION 5 CHOROTEGA'!BO14+'REGION 6 PAC CENTRAL'!BO11+'REGION 7 BRUNCA'!BO6+'REGION 8 HUETAR NORTE'!BO8+'REGION 9 HUETAR ATLANTICA'!BO7+'REGIÓN 10 BRUNCA SUR'!BO7+'REGION 11 CHOROTEGA NORTE'!BO5+'REGION 12 CARIBE'!BO7) -> 116 | D18: =SUM('REGION 1 SAN JOSÉ CENTRAL'!BH13+'REGIÓN 1 SAN JOSÉ NORTE'!BP9+'REGIÓN 1 SAN JOSÉ SUR'!BP13+'REGION 2 ALAJUELA'!BP14+'REGION 3 CARTAGO'!BP15+'REGION 4 HEREDIA'!BP12+'REGION 5 CHOROTEGA'!BP14+'REGION 6 PAC CENTRAL'!BP11+'REGION 7 BRUNCA'!BP6+'REGION 8 HUETAR NORTE'!BP8+'REGION 9 HUETAR ATLANTICA'!BP7+'REGIÓN 10 BRUNCA SUR'!BP7+'REGION 11 CHOROTEGA NORTE'!BP5+'REGION 12 CARIBE'!BP7) -> 132 | E18: =SUM('REGION 1 SAN JOSÉ CENTRAL'!BI13+'REGIÓN 1 SAN JOSÉ NORTE'!BQ9+'REGIÓN 1 SAN JOSÉ SUR'!BQ13+'REGION 2 ALAJUELA'!BQ14+'REGION 3 CARTAGO'!BQ15+'REGION 4 HEREDIA'!BQ12+'REGION 5 CHOROTEGA'!BQ14+'REGION 6 PAC CENTRAL'!BQ11+'REGION 7 BRUNCA'!BQ6+'REGION 8 HUETAR NORTE'!BQ8+'REGION 9 HUETAR ATLANTICA'!BQ7+'REGIÓN 10 BRUNCA SUR'!BQ7+'REGION 11 CHOROTEGA NORTE'!BQ5+'REGION 12 CARIBE'!BQ7) -> 0 | F18: =SUM('REGION 1 SAN JOSÉ CENTRAL'!BJ13+'REGIÓN 1 SAN JOSÉ NORTE'!BR9+'REGIÓN 1 SAN JOSÉ SUR'!BR13+'REGION 2 ALAJUELA'!BR14+'REGION 3 CARTAGO'!BR15+'REGION 4 HEREDIA'!BR12+'REGION 5 CHOROTEGA'!BR14+'REGION 6 PAC CENTRAL'!BR11+'REGION 7 BRUNCA'!BR6+'REGION 8 HUETAR NORTE'!BR8+'REGION 9 HUETAR ATLANTICA'!BR7+'REGIÓN 10 BRUNCA SUR'!BR7+'REGION 11 CHOROTEGA NORTE'!BR5+'REGION 12 CARIBE'!BR7) -> 0 | G18: =SUM(C18:F18) -> 248
A19: ACTIVIDAD 18 REPRESENTACION INSTITUCIONAL COMITÉ LOCAL CLAIS CANTIDAD DE PARTICIPACIÓN POR TRIMESTRE | B19: 0 | C19: =SUM('REGION 1 SAN JOSÉ CENTRAL'!BS13+'REGIÓN 1 SAN JOSÉ NORTE'!BS9+'REGIÓN 1 SAN JOSÉ SUR'!BS13+'REGION 2 ALAJUELA'!BS14+'REGION 3 CARTAGO'!BS15+'REGION 4 HEREDIA'!BS12+'REGION 5 CHOROTEGA'!BS14+'REGION 6 PAC CENTRAL'!BS11+'REGION 7 BRUNCA'!BS6+'REGION 8 HUETAR NORTE'!BS8+'REGION 9 HUETAR ATLANTICA'!BS7+'REGIÓN 10 BRUNCA SUR'!BS7+'REGION 11 CHOROTEGA NORTE'!BS5+'REGION 12 CARIBE'!BS7) -> 45 | D19: =SUM('REGION 1 SAN JOSÉ CENTRAL'!BT13+'REGIÓN 1 SAN JOSÉ NORTE'!BT9+'REGIÓN 1 SAN JOSÉ SUR'!BT13+'REGION 2 ALAJUELA'!BT14+'REGION 3 CARTAGO'!BT15+'REGION 4 HEREDIA'!BT12+'REGION 5 CHOROTEGA'!BT14+'REGION 6 PAC CENTRAL'!BT11+'REGION 7 BRUNCA'!BT6+'REGION 8 HUETAR NORTE'!BT8+'REGION 9 HUETAR ATLANTICA'!BT7+'REGIÓN 10 BRUNCA SUR'!BT7+'REGION 11 CHOROTEGA NORTE'!BT5+'REGION 12 CARIBE'!BT7) -> 48 | E19: =SUM('REGION 1 SAN JOSÉ CENTRAL'!BU13+'REGIÓN 1 SAN JOSÉ NORTE'!BU9+'REGIÓN 1 SAN JOSÉ SUR'!BU13+'REGION 2 ALAJUELA'!BU14+'REGION 3 CARTAGO'!BU15+'REGION 4 HEREDIA'!BU12+'REGION 5 CHOROTEGA'!BU14+'REGION 6 PAC CENTRAL'!BU11+'REGION 7 BRUNCA'!BU6+'REGION 8 HUETAR NORTE'!BU8+'REGION 9 HUETAR ATLANTICA'!BU7+'REGIÓN 10 BRUNCA SUR'!BU7+'REGION 11 CHOROTEGA NORTE'!BU5+'REGION 12 CARIBE'!BU7) -> 0 | F19: =SUM('REGION 1 SAN JOSÉ CENTRAL'!BV13+'REGIÓN 1 SAN JOSÉ NORTE'!BV9+'REGIÓN 1 SAN JOSÉ SUR'!BV13+'REGION 2 ALAJUELA'!BV14+'REGION 3 CARTAGO'!BV15+'REGION 4 HEREDIA'!BV12+'REGION 5 CHOROTEGA'!BV14+'REGION 6 PAC CENTRAL'!BV11+'REGION 7 BRUNCA'!BV6+'REGION 8 HUETAR NORTE'!BV8+'REGION 9 HUETAR ATLANTICA'!BV7+'REGIÓN 10 BRUNCA SUR'!BV7+'REGION 11 CHOROTEGA NORTE'!BV5+'REGION 12 CARIBE'!BV7) -> 1 | G19: =SUM(C19:F19) -> 94
A20: ACTIVIDAD 19 DIRECCIÓN PROGRAMAS POLICIALES PREVENTIVOS PROGRAMA CONTRA LA VIOLENCIA INTRAFAMILIAR Y TRATA DE PERSONAS CAPACITACIÓN PERSONAL INSTITUCIONAL, POLICIAL, ADMINISTRATIVO PERSPECTIVA DE GÉNERO Y PARIDAD | B20: 1% POBLACIÓN INSTITUCIONAL 280 FUNCINARIOS/AS | C20: 21 | G20: =SUM(C20:F20) -> 21
A21: ACTIVIDAD 20 DIRECCIÓN PROGRAMAS POLICIALES PREVENTIVOS PROGRAMA CONTRA LA VIOLENCIA INTRAFAMILIAR CAPACITACIÓN PERSONAL INSTITUCIONAL, POLICIAL, ADMINISTRATIVO MASCULINIDADES | B21: 1% POBLACIÓN INSTITUCIONAL 280 FUNCINARIOS/AS | G21: =SUM(C21:F21) -> 0
A22: ACTIVIDAD 21 DIVULGACIÓN Y REFRESCAMIENTO LÍNEAS DE ACCIÓN PLANOVI EQUIPOS REGIONALES | B22: 98 | G22: =SUM(C22:F22) -> 0
E23: TOTAL DE PERSONAS ALCANZADAS EN TODAS LAS ACTIVIDADES PLANOVI | G23: =SUM(G2:G22) -> #REF!

Sheet TOTAL POR REGIÓN
B1: META POR CUMPLIR A NIVEL NACIONAL | C1: REGIÓN 1 SAN JOSÉ CENTRAL | D1: REGION 1 SAN JOSÉ CENTRAL | E1: REGIÓN 1 SAN JOSÉ NORTE | F1: REGIÓN 1 SAN JOSÉ SUR | G1: REGIÓN 2 ALAJUELA | H1: REGIÓN 3 CARTAGO | I1: REGIÓN 4 HEREDIA | J1: REGIÓN 5 CHOROTEGA | K1: REGIÓN 6 PACÍFICO CENTRAL | L1: REGIÓN 7 BRUNCA | M1: REGIÓN 8 HUÉTAR NORTE | N1: REGIÓN 9 HUÉTAR ATLÁNTICA | O1: REGIÓN 10 BRUNCA SUR | P1: REGIÓN 11 CHOROTEGA NORTE | Q1: REGIÓN 12 CARIBE | R1: TOTAL
A2: ACTIVIDAD 1 CHARLA PREVENCIÓN DE LA VIOLENCIA EN RELACIONES DE PAREJA EJE 1 PLANOVI (JOVENES ADOLESCENTES) EJECUTAR MES DE MAYO LÍNEA BASE 100 PERSONAS | B2: 9700 | C2: =SUM('REGION 1 SAN JOSÉ CENTRAL'!C4:F12) -> 1414 | D2: =SUM('REGION 1 SAN JOSÉ CENTRAL'!C14) -> 1414 | E2: =SUM('REGIÓN 1 SAN JOSÉ NORTE'!C10) -> 770 | F2: =SUM('REGIÓN 1 SAN JOSÉ SUR'!C14) -> 1794 | G2: =SUM('REGION 2 ALAJUELA'!C14) -> 0 | H2: =SUM('REGION 3 CARTAGO'!C16) -> 1669 | I2: =SUM('REGION 4 HEREDIA'!C13) -> 1718 | J2: =SUM('REGION 5 CHOROTEGA'!C15) -> 1453 | K2: =SUM('REGION 6 PAC CENTRAL'!C12) -> 1280 | L2: =SUM('REGION 7 BRUNCA'!C7) -> 515 | M2: =SUM('REGION 8 HUETAR NORTE'!C9) -> 1001 | N2: =SUM('REGION 9 HUETAR ATLANTICA'!C8) -> 607 | O2: =SUM('REGIÓN 10 BRUNCA SUR'!C7) -> 0 | P2: =SUM('REGION 11 CHOROTEGA NORTE'!C6) -> 0 | Q2: =SUM('REGION 12 CARIBE'!C8) -> 521 | R2: =SUM(D2:Q2) -> 12742
A3: ACTIVIDAD 2 CHARLA PREVENCIÓN DE LA VIOLENCIA DOMÉSTICA E INTRAFAMILIAR EJE 1 PLANOVI (PERSONAS ADULTAS) EJECUTAR MES DE AGOSTO LINEA BASE 25 PERSONAS | B3: 2425
A4: ACTIVIDAD 3 CHARLA PREVENCIÓN DE LA MASCULINIDAD POR LA IGUALDAD EJE 2 PLANOVI (JOVENES Y ADOLESCENTES) EJECUTAR MES DE MAYO LÍNEA BASE 75 PERSONAS | B4: 7275
A5: ACTIVIDAD 4 CHARLA PREVENCIÓN DE LA MASCULINIDAD POR LA IGUALDAD ADULTOS EJE 2 PLANOVI (COMUNIDAD) EJECUTAR MES DE AGOSTO LÍNEA BASE 15 PERSONAS | B5: 990
A6: ACTIVIDAD 5 CHARLA TRATA DE PERSONAS JOVENES ADOLESCENTES EJE 1 CONATT EJECUTAR MES DE MAYO LÍNEA BASE 50 PERSONAS | B6: 4850
A7: ACTIVIDAD 6 CHARLA TRATA DE PERSONAS ADULTOS COMUNIDADES EJE 1 CONATT EJECUTAR MES DE AGOSTO LÍNEA BASE 10 PARTICIPANTES | B7: 1455
A8: ACTIVIDAD 7 CHARLA PREVENCIÓN DEL FEMICIDIO Y DIVULGACION COMITES CLAIS PERSONAS ADULTAS EJE 6 PLANOVI EJECUTAR MES DE OCTUBRE LÍNEA BASE 15 | B8: 1455
A9: ACTIVIDAD 8 ESTRATEGIA DE COMUNICACIÓN EJE 1 PLANOVI PREVENCION DE LA VIOLENCIA CONTRA LAS MUJERES EJECUTAR MES DE MARZO LÍNEA BASE 100 PERSONAS | B9: 9800 | D9: =SUM('REGION 1 SAN JOSÉ CENTRAL'!AE14) -> 1315 | E9: =SUM('REGIÓN 1 SAN JOSÉ NORTE'!AE10) -> 769 | F9: =SUM('REGIÓN 1 SAN JOSÉ SUR'!AE14) -> 4142 | G9: =SUM('REGION 2 ALAJUELA'!AE15) -> 2239 | H9: =SUM('REGION 3 CARTAGO'!AE16) -> 1469 | I9: =SUM('REGION 4 HEREDIA'!AE13) -> 3963 | J9: =SUM('REGION 5 CHOROTEGA'!AE15) -> 5004 | K9: =SUM('REGION 6 PAC CENTRAL'!AE12) -> 1238 | L9: =SUM('REGION 7 BRUNCA'!AE7) -> 408 | M9: =SUM('REGION 8 HUETAR NORTE'!AE9) -> 1272 | N9: =SUM('REGION 9 HUETAR ATLANTICA'!AE8) -> 575 | O9: =SUM('REGIÓN 10 BRUNCA SUR'!AE8) -> 981 | P9: =SUM('REGION 11 CHOROTEGA NORTE'!AE6) -> 227 | Q9: =SUM('REGION 12 CARIBE'!AE8) -> 810 | R9: =SUM(D9:Q9) -> 24412
A10: ACTIVIDAD 9 ESTRATEGIA DE COMUNICACIÓN EJE 2 PLANOVI MASCULINIDAD POR LA IGUALDAD EJECUTAR MES DE JUNIO LÍNEA BASE 100 PERSONAS | B10: 9800
A11: ACTIVIDAD 10 ESTRATEGIA DE COMUNICACIÓN EJE 5 PLANOVI PREVENCIÓN, ATENCIÓN INTEGRAL Y NO-REVICTIMIZACIÓN FRENTE A LA VIOLENCIA SEXUAL EJECUTAR MES DE SETIEMBRE LÍNEA BASE 100 PERSONAS | B11: 9800
A12: ACTIVIDAD 11 ESTRATEGIA DE COMUNICACIÓN EJE 6 PLANOVI PREVENCIÓN DEL FEMICIDIO EJECUTAR MES DE NOVIEMBRE LÍNEA BASE 100 PERSONAS | B12: 9800
A13: ACTIVIDAD 12 ESTRATEGIA DE COMUNICACIÓN EJE 1 CONATT CONTRA LA TRATA DE PERSONAS EJECUTAR MES DE JULIO LÍNEA BASE 100 PERSONAS | B13: 9800
A14: ACTIVIDAD 13 ESTRATEGIA DE COMUNICACIÓN EJE 1 CONATT TRAFICO ILICITO PERSONAS MIGRANTES EJECUTAR MES DE DICIEMBRE LÍNEA BASE 100 PERSONAS | B14: 9800
A15: ACTIVIDAD 14 ESTRATEGIA DE COMUNICACIÓN JUSTICIA RESTAURATIVA EJECUTAR MES DE ABRIL 50% COMITÉS SEGURIDAD COMUNITARIA
A16: ACTIVIDAD 15 ESTRATEGIA DE COMUNICACIÓN JUSTICIA RESTAURATIVA EJECUTAR MES DE ABRIL 50% COMERCIOS
A17: ACTIVIDAD 16 REPRESENTACION INSTITUCIONAL RED PREVENCION DE LA VIOLENCIA INTRAFRAMILIAR Y CONTRA LAS MUJERES | B17: 0 | D17: =SUM('REGION 1 SAN JOSÉ CENTRAL'!BK14) -> 28 | E17: =SUM('REGIÓN 1 SAN JOSÉ NORTE'!BK10) -> 17 | F17: =SUM('REGIÓN 1 SAN JOSÉ SUR'!BK14) -> 33 | G17: =SUM('REGION 2 ALAJUELA'!BK15) -> 25 | H17: =SUM('REGION 3 CARTAGO'!BK16) -> 30 | I17: =SUM('REGION 4 HEREDIA'!BK13) -> 35 | J17: =SUM('REGION 5 CHOROTEGA'!BK15) -> 41 | K17: =SUM('REGION 6 PAC CENTRAL'!BK12) -> 15 | L17: =SUM('REGION 7 BRUNCA'!BK7) -> 15 | M17: =SUM('REGION 8 HUETAR NORTE'!BK9) -> 15 | N17: =SUM('REGION 9 HUETAR ATLANTICA'!BK8) -> 11 | O17: =SUM('REGIÓN 10 BRUNCA SUR'!BK8) -> 19 | P17: =SUM('REGION 11 CHOROTEGA NORTE'!BK6) -> 4 | Q17: =SUM('REGION 12 CARIBE'!BK8) -> 7 | R17: =SUM(D17:Q17) -> 295
A18: ACTIVIDAD 17 REPRESENTACION INSTITUCIONAL PARTICIPACION SUBSISTEMA LOCAL NIÑEZ Y ADOLESCENCIA | B18: 0
A19: ACTIVIDAD 18 REPRESENTACION INSTITUCIONAL PARTICIPACION COMITÉ LOCAL CLAIS | B19: 0

Sheet TOP 20
B1: REGIÓN 1 SAN JOSÉ CENTRAL | C1: DELEGACION POLICIAL GOICOECHEA | D1: DELEGACIÓN POLICIAL HOSPITAL | E1: DELEGACION POLICIAL HATILLO | F1: DELEGACIÓN POLICIAL ALAJUELITA | G1: DELEGACIÓN POLICIAL HEREDIA | H1: DELEGACION POLICIAL LIBERIA | I1: DELEGACIÓN POLICIAL NICOYA | J1: DELEGACIÓN POLICIAL PUNTARENAS | K1: DELEGACIÓN POLICIAL GARABITO | L1: DELEGACIÓN POLICIAL PARRITA | M1: DELEGACIÓN POLICIAL QUEPOS | N1: DELEGACIÓN POLICIAL LIMON | O1: DELEGACIÓN POLICIAL MATINA | P1: DELEGACIÓN POLICIAL GUACIMO | Q1: TOTAL
A2: ACTIVIDAD 1 CHARLA PREVENCIÓN DE LA VIOLENCIA EN RELACIONES DE PAREJA EJE 1 PLANOVI (JOVENES ADOLESCENTES) EJECUTAR MES DE MAYO LÍNEA BASE 100 PERSONAS | B2: =SUM('REGION 1 SAN JOSÉ CENTRAL'!C4:F12) -> 1414 | Q2: =SUM(D2:P2) -> 0
A3: ACTIVIDAD 2 CHARLA PREVENCIÓN DE LA VIOLENCIA DOMÉSTICA E INTRAFAMILIAR EJE 1 PLANOVI (PERSONAS ADULTAS) EJECUTAR MES DE AGOSTO LINEA BASE 25 PERSONAS | Q3: =SUM(D3:P3) -> 0
A4: ACTIVIDAD 3 CHARLA PREVENCIÓN DE LA MASCULINIDAD POR LA IGUALDAD EJE 2 PLANOVI (JOVENES Y ADOLESCENTES) EJECUTAR MES DE MAYO LÍNEA BASE 75 PERSONAS | Q4: =SUM(D4:P4) -> 0
A5: ACTIVIDAD 4 CHARLA PREVENCIÓN DE LA MASCULINIDAD POR LA IGUALDAD ADULTOS EJE 2 PLANOVI (COMUNIDAD) EJECUTAR MES DE AGOSTO LÍNEA BASE 15 PERSONAS | Q5: =SUM(D5:P5) -> 0
A6: ACTIVIDAD 5 CHARLA TRATA DE PERSONAS JOVENES ADOLESCENTES EJE 1 CONATT EJECUTAR MES DE MAYO LÍNEA BASE 50 PERSONAS | Q6: =SUM(D6:P6) -> 0
A7: ACTIVIDAD 6 CHARLA TRATA DE PERSONAS ADULTOS COMUNIDADES EJE 1 CONATT EJECUTAR MES DE AGOSTO LÍNEA BASE 10 PARTICIPANTES | Q7: =SUM(D7:P7) -> 0
A8: ACTIVIDAD 7 CHARLA PREVENCIÓN DEL FEMICIDIO Y DIVULGACION COMITES CLAIS PERSONAS ADULTAS EJE 6 PLANOVI EJECUTAR MES DE OCTUBRE LÍNEA BASE 15 | Q8: =SUM(D8:P8) -> 0
A9: ACTIVIDAD 8 ESTRATEGIA DE COMUNICACIÓN EJE 1 PLANOVI PREVENCION DE LA VIOLENCIA CONTRA LAS MUJERES EJECUTAR MES DE MARZO LÍNEA BASE 100 PERSONAS | C9: =SUM('REGIÓN 1 SAN JOSÉ NORTE'!AE5) -> 129 | D9: =SUM('REGIÓN 1 SAN JOSÉ SUR'!AE3) -> 223 | E9: =SUM('REGION 1 SAN JOSÉ CENTRAL'!AE9) -> 176 | F9: =SUM('REGIÓN 1 SAN JOSÉ SUR'!AE4) -> 194 | G9: =SUM('REGIÓN 1 SAN JOSÉ SUR'!AE10) -> 2273 | H9: =SUM('REGION 2 ALAJUELA'!AE4) -> 345 | I9: =SUM('REGION 2 ALAJUELA'!AE3) -> 0 | J9: =SUM('REGION 2 ALAJUELA'!AE10) -> 258 | K9: =SUM('REGION 2 ALAJUELA'!AE12) -> 323 | L9: =SUM('REGION 3 CARTAGO'!AE3) -> 100 | M9: =SUM('REGION 3 CARTAGO'!AE7) -> 100 | N9: =SUM('REGION 3 CARTAGO'!AE13) -> 187 | O9: =SUM('REGION 4 HEREDIA'!AE3) -> 544 | P9: =SUM('REGION 4 HEREDIA'!AE4) -> 100 | Q9: =SUM(C9:P9) -> 4952
A10: ACTIVIDAD 9 ESTRATEGIA DE COMUNICACIÓN EJE 2 PLANOVI MASCULINIDAD POR LA IGUALDAD EJECUTAR MES DE JUNIO LÍNEA BASE 100 PERSONAS | Q10: =SUM(D10:P10) -> 0
A11: ACTIVIDAD 10 ESTRATEGIA DE COMUNICACIÓN EJE 5 PLANOVI PREVENCIÓN, ATENCIÓN INTEGRAL Y NO-REVICTIMIZACIÓN FRENTE A LA VIOLENCIA SEXUAL EJECUTAR MES DE SETIEMBRE LÍNEA BASE 100 PERSONAS | Q11: =SUM(D11:P11) -> 0
A12: ACTIVIDAD 11 ESTRATEGIA DE COMUNICACIÓN EJE 6 PLANOVI PREVENCIÓN DEL FEMICIDIO EJECUTAR MES DE NOVIEMBRE LÍNEA BASE 100 PERSONAS | Q12: =SUM(D12:P12) -> 0
A13: ACTIVIDAD 12 ESTRATEGIA DE COMUNICACIÓN EJE 1 CONATT CONTRA LA TRATA DE PERSONAS EJECUTAR MES DE JULIO LÍNEA BASE 100 PERSONAS | Q13: =SUM(D13:P13) -> 0
A14: ACTIVIDAD 13 ESTRATEGIA DE COMUNICACIÓN EJE 1 CONATT TRAFICO ILICITO PERSONAS MIGRANTES EJECUTAR MES DE DICIEMBRE LÍNEA BASE 100 PERSONAS | Q14: =SUM(D14:P14) -> 0
A15: ACTIVIDAD 14 ESTRATEGIA DE COMUNICACIÓN JUSTICIA RESTAURATIVA EJECUTAR MES DE ABRIL LÍNEA BASE 50% COMITÉS DE SEGURIDAD COMUNITARIA A NIVEL LOCAL | Q15: =SUM(D15:P15) -> 0
A16: ACTIVIDAD 15 ESTRATEGIA DE COMUNICACIÓN JUSTICIA RESTAURATIVA EJECUTAR MES DE ABRIL LÍNEA BASE 50% COMERCIOS A NIVEL LOCAL | Q16: =SUM(D16:P16) -> 0
A17: ACTIVIDAD 16 REPRESENTACION INSTITUCIONAL REDES CONTRA LA VIOLENCIA INTRAFAMILIAR CANTIDAD DE PARTICIPACIÓN POR TRIMESTRE | C17: =SUM('REGIÓN 1 SAN JOSÉ NORTE'!BK5) -> 2 | D17: =SUM('REGION 1 SAN JOSÉ CENTRAL'!BK6) -> 3 | E17: =SUM('REGION 1 SAN JOSÉ CENTRAL'!BK9) -> 0 | F17: =SUM('REGIÓN 1 SAN JOSÉ SUR'!BK7) -> 2 | G17: =SUM('REGION 4 HEREDIA'!BK3) -> 3 | H17: =SUM('REGION 5 CHOROTEGA'!BK3) -> 3 | I17: =SUM('REGION 5 CHOROTEGA'!BK4) -> 2 | J17: =SUM('REGION 6 PAC CENTRAL'!BK3) -> 1 | K17: =SUM('REGION 6 PAC CENTRAL'!BK8) -> 1 | L17: =SUM('REGION 6 PAC CENTRAL'!BK7) -> 0 | M17: =SUM('REGION 6 PAC CENTRAL'!BK6) -> 1 | N17: =SUM('REGION 9 HUETAR ATLANTICA'!BK3) -> 1 | O17: =SUM('REGION 9 HUETAR ATLANTICA'!BK6) -> 0 | P17: =SUM('REGION 12 CARIBE'!BK6) -> 0 | Q17: =SUM(D17:P17) -> 17
A18: ACTIVIDAD 17 REPRESENTACION INSTITUCIONAL SUBSISTEMA LOCAL NIÑEZ Y ADOLESCENCIA CANTIDAD DE PARTICIPACIÓN POR TRIMESTRE | C18: =SUM('REGIÓN 1 SAN JOSÉ NORTE'!BO5) -> 0 | D18: =SUM('REGION 1 SAN JOSÉ CENTRAL'!BO6) -> 1 | E18: =SUM('REGION 1 SAN JOSÉ CENTRAL'!BO9) -> 2 | F18: =SUM('REGIÓN 1 SAN JOSÉ SUR'!BO7) -> 2 | G18: =SUM('REGION 4 HEREDIA'!BO3) -> 2 | H18: =SUM('REGION 5 CHOROTEGA'!BO3) -> 2 | I18: =SUM('REGION 5 CHOROTEGA'!BO4) -> 2 | J18: =SUM('REGION 6 PAC CENTRAL'!BO3) -> 2 | K18: =SUM('REGION 6 PAC CENTRAL'!BO8) -> 1 | L18: =SUM('REGION 6 PAC CENTRAL'!BO7) -> 1 | M18: =SUM('REGION 6 PAC CENTRAL'!BO6) -> 0 | N18: =SUM('REGION 9 HUETAR ATLANTICA'!BO3) -> 2 | O18: =SUM('REGION 9 HUETAR ATLANTICA'!BO6) -> 3 | P18: =SUM('REGION 12 CARIBE'!BO6) -> 0 | Q18: =SUM(D18:P18) -> 20
A19: ACTIVIDAD 18 REPRESENTACION INSTITUCIONAL COMITÉ LOCAL CLAIS CANTIDAD DE PARTICIPACIÓN POR TRIMESTRE | Q19: =SUM(D19:P19) -> 0

Sheet PUNTOS VIOLETAS
B1: REGIÓN 1 SAN JOSÉ CENTRAL | C1: DELEGACIÓN POLICIAL DESAMPARADOS NORTE | D1: DELEGACIÓN POLICIAL DESAMPARADOS SUR | E1: DELEGACIÓN POLICIAL MORA | F1: DELEGACION POLICIAL ALAJUELA NORTE | G1: DELEGACIÓN POLICIAL ALAJUELA SUR | H1: DELEGACIÓN POLICIAL PALMARES | I1: DELEGACIÓN POLICIAL OROTINA | J1: DELEGACIÓN POLICIAL CARTAGO | K1: DELEGACIÓN POLICIAL TURRIALBA | L1: DELEGACIÓN POLICIAL LEON CORTES | M1: DELEGACIÓN POLICIAL HEREDIA | N1: DELEGACIÓN POLICIAL BARVA | O1: DELEGACION POLICIAL LIBERIA | P1: DELEGACIÓN POLICIAL SANTA CRUZ | Q1: DELEGACIÓN POLICIAL CAÑAS | R1: DELEGACIÓN POLICIAL NICOYA | S1: DELEGACIÓN POLICIAL PUNTARENAS | T1: DELEGACIÓN POLICIAL ESPARZA | U1: DELEGACION POLICIAL GARABITO | V1: DELEGACION POLICIAL PEREZ ZELEDON | W1: DELEGACION POLICIAL BUENOS AIRES | X1: DELEGACION POLICIAL OSA | Y1: DELEGACION POLICIAL SAN CARLOS ESTE | Z1: DELEGACION POLICIAL SAN CARLOS OESTE | AA1: DELEGACION POLICIAL LIMON | AB1: DELEGACION POLICIAL CORREDORES | AC1: DELEGACION POLICIAL COTO BRUS | AD1: DELEGACION POLICIAL UPALA | AE1: DELEGACION POLICIAL LOS CHILES | AF1: DELEGACION POLICIAL SARAPIQUÍ | AG1: TOTAL
A2: ACTIVIDAD 1 CHARLA PREVENCIÓN DE LA VIOLENCIA EN RELACIONES DE PAREJA EJE 1 PLANOVI (JOVENES ADOLESCENTES) EJECUTAR MES DE MAYO LÍNEA BASE 100 PERSONAS | B2: =SUM('REGION 1 SAN JOSÉ CENTRAL'!C4:F12) -> 1414 | AG2: =SUM(C2:AF2) -> 0
A3: ACTIVIDAD 2 CHARLA PREVENCIÓN DE LA VIOLENCIA DOMÉSTICA E INTRAFAMILIAR EJE 1 PLANOVI (PERSONAS ADULTAS) EJECUTAR MES DE AGOSTO LINEA BASE 25 PERSONAS | AG3: =SUM(C3:AF3) -> 0
A4: ACTIVIDAD 3 CHARLA PREVENCIÓN DE LA MASCULINIDAD POR LA IGUALDAD EJE 2 PLANOVI (JOVENES Y ADOLESCENTES) EJECUTAR MES DE MAYO LÍNEA BASE 75 PERSONAS | AG4: =SUM(C4:AF4) -> 0
A5: ACTIVIDAD 4 CHARLA PREVENCIÓN DE LA MASCULINIDAD POR LA IGUALDAD ADULTOS EJE 2 PLANOVI (COMUNIDAD) EJECUTAR MES DE AGOSTO LÍNEA BASE 15 PERSONAS | AG5: =SUM(C5:AF5) -> 0
A6: ACTIVIDAD 5 CHARLA TRATA DE PERSONAS JOVENES ADOLESCENTES EJE 1 CONATT EJECUTAR MES DE MAYO LÍNEA BASE 50 PERSONAS | AG6: =SUM(C6:AF6) -> 0
A7: ACTIVIDAD 6 CHARLA TRATA DE PERSONAS ADULTOS COMUNIDADES EJE 1 CONATT EJECUTAR MES DE AGOSTO LÍNEA BASE 10 PARTICIPANTES | AG7: =SUM(C7:AF7) -> 0
A8: ACTIVIDAD 7 CHARLA PREVENCIÓN DEL FEMICIDIO Y DIVULGACION COMITES CLAIS PERSONAS ADULTAS EJE 6 PLANOVI EJECUTAR MES DE OCTUBRE LÍNEA BASE 15 | AG8: =SUM(C8:AF8) -> 0
A9: ACTIVIDAD 8 ESTRATEGIA DE COMUNICACIÓN EJE 1 PLANOVI PREVENCION DE LA VIOLENCIA CONTRA LAS MUJERES EJECUTAR MES DE MARZO LÍNEA BASE 100 PERSONAS | C9: =SUM('REGIÓN 1 SAN JOSÉ SUR'!AE3) -> 223 | D9: =SUM('REGIÓN 1 SAN JOSÉ SUR'!AE4) -> 194 | E9: =SUM('REGIÓN 1 SAN JOSÉ SUR'!AE10) -> 2273 | F9: =SUM('REGION 2 ALAJUELA'!AE4) -> 345 | G9: =SUM('REGION 2 ALAJUELA'!AE3) -> 0 | H9: =SUM('REGION 2 ALAJUELA'!AE10) -> 258 | I9: =SUM('REGION 2 ALAJUELA'!AE12) -> 323 | J9: =SUM('REGION 3 CARTAGO'!AE3) -> 100 | K9: =SUM('REGION 3 CARTAGO'!AE7) -> 100 | L9: =SUM('REGION 3 CARTAGO'!AE13) -> 187 | M9: =SUM('REGION 4 HEREDIA'!AE3) -> 544 | N9: =SUM('REGION 4 HEREDIA'!AE4) -> 100 | O9: =SUM('REGION 5 CHOROTEGA'!AE3) -> 1560 | P9: =SUM('REGION 5 CHOROTEGA'!AE5) -> 476 | Q9: =SUM('REGION 5 CHOROTEGA'!AE8) -> 500 | R9: =SUM('REGION 5 CHOROTEGA'!AE4) -> 995 | S9: =SUM('REGION 6 PAC CENTRAL'!AE3) -> 301 | T9: =SUM('REGION 6 PAC CENTRAL'!AE4) -> 119 | U9: =SUM('REGION 6 PAC CENTRAL'!AE8) -> 135 | V9: =SUM('REGION 7 BRUNCA'!AE3) -> 150 | W9: =SUM('REGION 7 BRUNCA'!AE4) -> 110 | X9: =SUM('REGION 7 BRUNCA'!AE5) -> 148 | Y9: =SUM('REGION 8 HUETAR NORTE'!AE3) -> 200 | Z9: =SUM('REGION 8 HUETAR NORTE'!AE4) -> 254 | AA9: =SUM('REGION 9 HUETAR ATLANTICA'!AE3) -> 130 | AB9: =SUM('REGIÓN 10 BRUNCA SUR'!AE5) -> 100 | AC9: =SUM('REGIÓN 10 BRUNCA SUR'!AE4) -> 267 | AD9: =SUM('REGION 11 CHOROTEGA NORTE'!AE3) -> 100 | AE9: =SUM('REGION 11 CHOROTEGA NORTE'!AE4) -> 127 | AF9: =SUM('REGION 12 CARIBE'!AE3) -> 114 | AG9: =SUM(C9:AF9) -> 10433
A10: ACTIVIDAD 9 ESTRATEGIA DE COMUNICACIÓN EJE 2 PLANOVI MASCULINIDAD POR LA IGUALDAD EJECUTAR MES DE JUNIO LÍNEA BASE 100 PERSONAS | AG10: =SUM(C10:AF10) -> 0
A11: ACTIVIDAD 10 ESTRATEGIA DE COMUNICACIÓN EJE 5 PLANOVI PREVENCIÓN, ATENCIÓN INTEGRAL Y NO-REVICTIMIZACIÓN FRENTE A LA VIOLENCIA SEXUAL EJECUTAR MES DE SETIEMBRE LÍNEA BASE 100 PERSONAS | AG11: =SUM(C11:AF11) -> 0
A12: ACTIVIDAD 11 ESTRATEGIA DE COMUNICACIÓN EJE 6 PLANOVI PREVENCIÓN DEL FEMICIDIO EJECUTAR MES DE NOVIEMBRE LÍNEA BASE 100 PERSONAS | AG12: =SUM(C12:AF12) -> 0
A13: ACTIVIDAD 12 ESTRATEGIA DE COMUNICACIÓN EJE 1 CONATT CONTRA LA TRATA DE PERSONAS EJECUTAR MES DE JULIO LÍNEA BASE 100 PERSONAS | AG13: =SUM(C13:AF13) -> 0
A14: ACTIVIDAD 13 ESTRATEGIA DE COMUNICACIÓN EJE 1 CONATT TRAFICO ILICITO PERSONAS MIGRANTES EJECUTAR MES DE DICIEMBRE LÍNEA BASE 100 PERSONAS | AG14: =SUM(C14:AF14) -> 0
A15: ACTIVIDAD 14 ESTRATEGIA DE COMUNICACIÓN JUSTICIA RESTAURATIVA EJECUTAR MES DE ABRIL LÍNEA BASE 50% COMITÉS DE SEGURIDAD COMUNITARIA A NIVEL LOCAL | AG15: =SUM(C15:AF15) -> 0
A16: ACTIVIDAD 15 ESTRATEGIA DE COMUNICACIÓN JUSTICIA RESTAURATIVA EJECUTAR MES DE ABRIL LÍNEA BASE 50% COMERCIOS A NIVEL LOCAL | AG16: =SUM(C16:AF16) -> 0
A17: ACTIVIDAD 16 REPRESENTACION INSTITUCIONAL REDES CONTRA LA VIOLENCIA INTRAFAMILIAR CANTIDAD DE PARTICIPACIÓN POR TRIMESTRE | AG17: =SUM(C17:AF17) -> 0
A18: ACTIVIDAD 17 REPRESENTACION INSTITUCIONAL SUBSISTEMA LOCAL NIÑEZ Y ADOLESCENCIA CANTIDAD DE PARTICIPACIÓN POR TRIMESTRE | AG18: =SUM(C18:AF18) -> 0
A19: ACTIVIDAD 18 REPRESENTACION INSTITUCIONAL COMITÉ LOCAL CLAIS CANTIDAD DE PARTICIPACIÓN POR TRIMESTRE | AG19: =SUM(C19:AF19) -> 0

Sheet POBLACION MIGRANTE
B1: REGIÓN 1 SAN JOSÉ CENTRAL | C1: DELEGACIÓN POLICIAL PAVAS | D1: DELEGACIÓN POLICIAL MATA REDONDA | E1: DELEGACIÓN POLICIAL CURRIDABAT | F1: DELEGACIÓN POLICIAL DESAMPARADOS SUR | G1: DELEGACIÓN POLICIAL ALAJUELITA | H1: DELEGACIÓN POLICIAL TARRAZU | I1: DELEGACIÓN POLICIAL DOTA | J1: DELEGACIÓN POLICIAL LEON CORTES | K1: DELEGACIÓN POLICIAL HEREDIA | L1: DELEGACIÓN POLICIAL LA CRUZ | M1: DELEGACIÓN POLICIAL SAN CARLOS ESTE | N1: DELEGACIÓN POLICIAL SAN CARLOS OESTE | O1: DELEGACIÓN POLICIAL GUATUSO | P1: DELEGACIÓN POLICIAL MATINA | Q1: DELEGACIÓN POLICIAL TALAMANCA | R1: DELEGACIÓN POLICIAL CORREDORES | S1: DELEGACION POLICIAL UPALA | T1: DELEGACION POLICIAL LOS CHILES | U1: DELEGACION POLICIAL SARAPIQUÍ | V1: TOTAL
A2: ACTIVIDAD 1 CHARLA PREVENCIÓN DE LA VIOLENCIA EN RELACIONES DE PAREJA (JOVENES ADOLESCENTES) EJECUTAR MES DE MAYO LÍNEA BASE 100 PERSONAS | B2: =SUM('REGION 1 SAN JOSÉ CENTRAL'!C4:F12) -> 1414
A3: ACTIVIDAD 2 CHARLA PREVENCIÓN DE LA VIOLENCIA DOMÉSTICA E INTRAFAMILIAR (PERSONAS ADULTAS) EJECUTAR MES DE AGOSTO LINEA BASE 25 PERSONAS
A4: ACTIVIDAD 3 CHARLA PREVENCIÓN DE LA MASCULINIDAD POR LA IGUALDAD (JOVENES Y ADOLESCENTES) EJECUTAR MES DE MAYO LÍNEA BASE 75 PERSONAS
A5: ACTIVIDAD 4 CHARLA PREVENCIÓN DE LA MASCULINIDAD POR LA IGUALDAD ADULTOS (COMUNIDAD) EJECUTAR MES DE AGOSTO LÍNEA BASE 15 PERSONAS
A6: ACTIVIDAD 5 CHARLA TRATA DE PERSONAS JOVENES ADOLESCENTES EJECUTAR MES DE MAYO LÍNEA BASE 50 PERSONAS
A7: ACTIVIDAD 6 CHARLA TRATA DE PERSONAS ADULTOS COMUNIDADES EJECUTAR MES DE AGOSTO LÍNEA BASE 10 PARTICIPANTES
A8: ACTIVIDAD 7 CHARLA PREVENCIÓN DEL FEMICIDIO Y DIVULGACION COMITES CLAIS PERSONAS ADULTAS EJECUTAR MES DE OCTUBRE LÍNEA BASE 15
A9: ACTIVIDAD 8 ESTRATEGIA DE COMUNICACIÓN EJE 1 PLANOVI PREVENCION DE LA VIOLENCIA CONTRA LAS MUJERES EJECUTAR MES DE MARZO LÍNEA BASE 100 PERSONAS
